id,created_at,image_url,inference,to_review
100,2026-01-03T12:17:00Z,https://i.imgur.com/21IPoqF.png,"{""id"": ""6678fb69-aef1-475c-a025-9ede76d37fc0"", ""job"": {""id"": ""6678fb69-aef1-475c-a025-9ede76d37fc0""}, ""model"": {""id"": ""4525d27d-e949-49a2-b2ee-a7ef6ee1ea4f""}, ""file"": {""name"": ""receipt_473.jpg"", ""alias"": null, ""page_count"": 1, ""mime_type"": ""image/jpeg""}, ""result"": {""fields"": {""supplier_name"": {""locations"": [], ""confidence"": ""Certain"", ""value"": ""Pt\u00e1\u010dek - velkoobchod""}, ""supplier_address"": {""locations"": [], ""confidence"": ""Certain"", ""value"": null}, ""supplier_phone_number"": {""locations"": [], ""confidence"": ""High"", ""value"": null}, ""supplier_company_registration"": {""items"": [{""locations"": [], ""confidence"": ""High"", ""fields"": {""number"": {""locations"": [], ""confidence"": ""Certain"", ""value"": ""25501143""}, ""type"": {""locations"": [], ""confidence"": ""High"", ""value"": ""ICO""}}}], ""confidence"": ""High""}, ""receipt_number"": {""locations"": [], ""confidence"": ""Certain"", ""value"": ""DOC-9393""}, ""date"": {""locations"": [], ""confidence"": ""High"", ""value"": ""2026-01-03""}, ""time"": {""locations"": [], ""confidence"": ""High"", ""value"": null}, ""total_amount"": {""locations"": [], ""confidence"": ""High"", ""value"": 2227.34}, ""total_net"": {""locations"": [], ""confidence"": ""Certain"", ""value"": 1840.78}, ""total_tax"": {""locations"": [], ""confidence"": ""High"", ""value"": 386.56}, ""taxes"": {""items"": [{""locations"": [], ""confidence"": ""High"", ""fields"": {""rate"": {""locations"": [], ""confidence"": ""High"", ""value"": 0.21}, ""base"": {""locations"": [], ""confidence"": ""High"", ""value"": 1840.78}, ""amount"": {""locations"": [], ""confidence"": ""High"", ""value"": 386.56}}}], ""confidence"": ""Certain""}, ""tips_gratuity"": {""locations"": [], ""confidence"": ""Certain"", ""value"": null}, ""line_items"": {""items"": [{""locations"": [], ""confidence"": ""High"", ""fields"": {""description"": {""locations"": [], ""confidence"": ""High"", ""value"": ""Instalat\u00e9rsk\u00fd materi\u00e1l / Pr\u00e1ce""}, ""quantity"": {""locations"": [], ""confidence"": ""Certain"", ""value"": 1}, ""unit_price"": {""locations"": [], ""confidence"": ""Certain"", ""value"": 1840.78}, ""total_price"": {""locations"": [], ""confidence"": ""Certain"", ""value"": 2227.34}}}], ""confidence"": ""High""}, ""document_type"": {""locations"": [], ""confidence"": ""High"", ""value"": ""expense_receipt""}, ""purchase_category"": {""locations"": [], ""confidence"": ""High"", ""value"": ""shopping""}, ""purchase_subcategory"": {""locations"": [], ""confidence"": ""Certain"", ""value"": ""plumbing""}, ""locale"": {""locations"": [], ""confidence"": ""Certain"", ""fields"": {""language"": {""locations"": [], ""confidence"": ""High"", ""value"": ""cs""}, ""country"": {""locations"": [], ""confidence"": ""High"", ""value"": ""CZ""}, ""currency"": {""locations"": [], ""confidence"": ""Certain"", ""value"": ""CZK""}}}}, ""raw_text"": null, ""rag"": null}, ""active_options"": {""raw_text"": false, ""polygon"": false, ""confidence"": true, ""rag"": false, ""multipage_context"": false, ""text_context"": false, ""data_schema"": {""replace"": false}}}",false
101,2026-01-04T08:12:00Z,https://i.imgur.com/21IPoqF.png,"{""id"": ""fb10f158-b3c2-47e2-9a96-48d2c6beb853"", ""job"": {""id"": ""fb10f158-b3c2-47e2-9a96-48d2c6beb853""}, ""model"": {""id"": ""4525d27d-e949-49a2-b2ee-a7ef6ee1ea4f""}, ""file"": {""name"": ""receipt_471.jpg"", ""alias"": null, ""page_count"": 1, ""mime_type"": ""image/jpeg""}, ""result"": {""fields"": {""supplier_name"": {""locations"": [], ""confidence"": ""High"", ""value"": ""Hornbach""}, ""supplier_address"": {""locations"": [], ""confidence"": ""Certain"", ""value"": null}, ""supplier_phone_number"": {""locations"": [], ""confidence"": ""High"", ""value"": null}, ""supplier_company_registration"": {""items"": [{""locations"": [], ""confidence"": ""Certain"", ""fields"": {""number"": {""locations"": [], ""confidence"": ""High"", ""value"": ""47116622""}, ""type"": {""locations"": [], ""confidence"": ""High"", ""value"": ""ICO""}}}], ""confidence"": ""Certain""}, ""receipt_number"": {""locations"": [], ""confidence"": ""High"", ""value"": ""DOC-5069""}, ""date"": {""locations"": [], ""confidence"": ""High"", ""value"": ""2026-01-04""}, ""time"": {""locations"": [], ""confidence"": ""High"", ""value"": null}, ""total_amount"": {""locations"": [], ""confidence"": ""High"", ""value"": 2149.06}, ""total_net"": {""locations"": [], ""confidence"": ""Certain"", ""value"": 1776.08}, ""total_tax"": {""locations"": [], ""confidence"": ""High"", ""value"": 372.98}, ""taxes"": {""items"": [{""locations"": [], ""confidence"": ""High"", ""fields"": {""rate"": {""locations"": [], ""confidence"": ""High"", ""value"": 0.21}, ""base"": {""locations"": [], ""confidence"": ""Certain"", ""value"": 1776.08}, ""amount"": {""locations"": [], ""confidence"": ""Certain"", ""value"": 372.98}}}], ""confidence"": ""High""}, ""tips_gratuity"": {""locations"": [], ""confidence"": ""High"", ""value"": null}, ""line_items"": {""items"": [{""locations"": [], ""confidence"": ""High"", ""fields"": {""description"": {""locations"": [], ""confidence"": ""High"", ""value"": ""Instalat\u00e9rsk\u00fd materi\u00e1l / Pr\u00e1ce""}, ""quantity"": {""locations"": [], ""confidence"": ""High"", ""value"": 1}, ""unit_price"": {""locations"": [], ""confidence"": ""High"", ""value"": 1776.08}, ""total_price"": {""locations"": [], ""confidence"": ""High"", ""value"": 2149.06}}}], ""confidence"": ""Certain""}, ""document_type"": {""locations"": [], ""confidence"": ""High"", ""value"": ""expense_receipt""}, ""purchase_category"": {""locations"": [], ""confidence"": ""High"", ""value"": ""hardware""}, ""purchase_subcategory"": {""locations"": [], ""confidence"": ""Certain"", ""value"": ""tools""}, ""locale"": {""locations"": [], ""confidence"": ""Certain"", ""fields"": {""language"": {""locations"": [], ""confidence"": ""Certain"", ""value"": ""cs""}, ""country"": {""locations"": [], ""confidence"": ""Certain"", ""value"": ""CZ""}, ""currency"": {""locations"": [], ""confidence"": ""Certain"", ""value"": ""CZK""}}}}, ""raw_text"": null, ""rag"": null}, ""active_options"": {""raw_text"": false, ""polygon"": false, ""confidence"": true, ""rag"": false, ""multipage_context"": false, ""text_context"": false, ""data_schema"": {""replace"": false}}}",false
102,2026-01-05T16:10:00Z,https://i.imgur.com/21IPoqF.png,"{""id"": ""4ff80ef4-6deb-4dad-9ca4-0d9308d92a99"", ""job"": {""id"": ""4ff80ef4-6deb-4dad-9ca4-0d9308d92a99""}, ""model"": {""id"": ""4525d27d-e949-49a2-b2ee-a7ef6ee1ea4f""}, ""file"": {""name"": ""receipt_176.jpg"", ""alias"": null, ""page_count"": 1, ""mime_type"": ""image/jpeg""}, ""result"": {""fields"": {""supplier_name"": {""locations"": [], ""confidence"": ""Certain"", ""value"": ""Benzina""}, ""supplier_address"": {""locations"": [], ""confidence"": ""High"", ""value"": null}, ""supplier_phone_number"": {""locations"": [], ""confidence"": ""High"", ""value"": null}, ""supplier_company_registration"": {""items"": [{""locations"": [], ""confidence"": ""Certain"", ""fields"": {""number"": {""locations"": [], ""confidence"": ""High"", ""value"": ""60193328""}, ""type"": {""locations"": [], ""confidence"": ""Certain"", ""value"": ""ICO""}}}], ""confidence"": ""High""}, ""receipt_number"": {""locations"": [], ""confidence"": ""High"", ""value"": ""DOC-9516""}, ""date"": {""locations"": [], ""confidence"": ""High"", ""value"": ""2026-01-05""}, ""time"": {""locations"": [], ""confidence"": ""High"", ""value"": null}, ""total_amount"": {""locations"": [], ""confidence"": ""High"", ""value"": 2371.77}, ""total_net"": {""locations"": [], ""confidence"": ""High"", ""value"": 1960.14}, ""total_tax"": {""locations"": [], ""confidence"": ""High"", ""value"": 411.63}, ""taxes"": {""items"": [{""locations"": [], ""confidence"": ""Certain"", ""fields"": {""rate"": {""locations"": [], ""confidence"": ""High"", ""value"": 0.21}, ""base"": {""locations"": [], ""confidence"": ""High"", ""value"": 1960.14}, ""amount"": {""locations"": [], ""confidence"": ""Certain"", ""value"": 411.63}}}], ""confidence"": ""Certain""}, ""tips_gratuity"": {""locations"": [], ""confidence"": ""High"", ""value"": null}, ""line_items"": {""items"": [{""locations"": [], ""confidence"": ""High"", ""fields"": {""description"": {""locations"": [], ""confidence"": ""Certain"", ""value"": ""Instalat\u00e9rsk\u00fd materi\u00e1l / Pr\u00e1ce""}, ""quantity"": {""locations"": [], ""confidence"": ""Certain"", ""value"": 1}, ""unit_price"": {""locations"": [], ""confidence"": ""Certain"", ""value"": 1960.14}, ""total_price"": {""locations"": [], ""confidence"": ""Certain"", ""value"": 2371.77}}}], ""confidence"": ""Certain""}, ""document_type"": {""locations"": [], ""confidence"": ""High"", ""value"": ""expense_receipt""}, ""purchase_category"": {""locations"": [], ""confidence"": ""Certain"", ""value"": ""transportation""}, ""purchase_subcategory"": {""locations"": [], ""confidence"": ""Certain"", ""value"": ""fuel""}, ""locale"": {""locations"": [], ""confidence"": ""High"", ""fields"": {""language"": {""locations"": [], ""confidence"": ""Certain"", ""value"": ""cs""}, ""country"": {""locations"": [], ""confidence"": ""Certain"", ""value"": ""CZ""}, ""currency"": {""locations"": [], ""confidence"": ""High"", ""value"": ""CZK""}}}}, ""raw_text"": null, ""rag"": null}, ""active_options"": {""raw_text"": false, ""polygon"": false, ""confidence"": true, ""rag"": false, ""multipage_context"": false, ""text_context"": false, ""data_schema"": {""replace"": false}}}",false
103,2026-01-06T12:17:00Z,https://i.imgur.com/21IPoqF.png,"{""id"": ""1ba29620-f508-4e31-a470-b816969602bc"", ""job"": {""id"": ""1ba29620-f508-4e31-a470-b816969602bc""}, ""model"": {""id"": ""4525d27d-e949-49a2-b2ee-a7ef6ee1ea4f""}, ""file"": {""name"": ""receipt_516.jpg"", ""alias"": null, ""page_count"": 1, ""mime_type"": ""image/jpeg""}, ""result"": {""fields"": {""supplier_name"": {""locations"": [], ""confidence"": ""High"", ""value"": ""Stavebniny DEK""}, ""supplier_address"": {""locations"": [], ""confidence"": ""High"", ""value"": null}, ""supplier_phone_number"": {""locations"": [], ""confidence"": ""Certain"", ""value"": null}, ""supplier_company_registration"": {""items"": [{""locations"": [], ""confidence"": ""High"", ""fields"": {""number"": {""locations"": [], ""confidence"": ""Certain"", ""value"": ""27636801""}, ""type"": {""locations"": [], ""confidence"": ""Certain"", ""value"": ""ICO""}}}], ""confidence"": ""High""}, ""receipt_number"": {""locations"": [], ""confidence"": ""Certain"", ""value"": ""DOC-3427""}, ""date"": {""locations"": [], ""confidence"": ""High"", ""value"": ""2026-01-06""}, ""time"": {""locations"": [], ""confidence"": ""Certain"", ""value"": null}, ""total_amount"": {""locations"": [], ""confidence"": ""Certain"", ""value"": 1678.2}, ""total_net"": {""locations"": [], ""confidence"": ""Certain"", ""value"": 1386.94}, ""total_tax"": {""locations"": [], ""confidence"": ""High"", ""value"": 291.26}, ""taxes"": {""items"": [{""locations"": [], ""confidence"": ""Certain"", ""fields"": {""rate"": {""locations"": [], ""confidence"": ""High"", ""value"": 0.21}, ""base"": {""locations"": [], ""confidence"": ""High"", ""value"": 1386.94}, ""amount"": {""locations"": [], ""confidence"": ""Certain"", ""value"": 291.26}}}], ""confidence"": ""High""}, ""tips_gratuity"": {""locations"": [], ""confidence"": ""Certain"", ""value"": null}, ""line_items"": {""items"": [{""locations"": [], ""confidence"": ""High"", ""fields"": {""description"": {""locations"": [], ""confidence"": ""High"", ""value"": ""Instalat\u00e9rsk\u00fd materi\u00e1l / Pr\u00e1ce""}, ""quantity"": {""locations"": [], ""confidence"": ""Certain"", ""value"": 1}, ""unit_price"": {""locations"": [], ""confidence"": ""High"", ""value"": 1386.94}, ""total_price"": {""locations"": [], ""confidence"": ""Certain"", ""value"": 1678.2}}}], ""confidence"": ""High""}, ""document_type"": {""locations"": [], ""confidence"": ""High"", ""value"": ""expense_receipt""}, ""purchase_category"": {""locations"": [], ""confidence"": ""Certain"", ""value"": ""shopping""}, ""purchase_subcategory"": {""locations"": [], ""confidence"": ""Certain"", ""value"": ""materials""}, ""locale"": {""locations"": [], ""confidence"": ""Certain"", ""fields"": {""language"": {""locations"": [], ""confidence"": ""Certain"", ""value"": ""cs""}, ""country"": {""locations"": [], ""confidence"": ""Certain"", ""value"": ""CZ""}, ""currency"": {""locations"": [], ""confidence"": ""Certain"", ""value"": ""CZK""}}}}, ""raw_text"": null, ""rag"": null}, ""active_options"": {""raw_text"": false, ""polygon"": false, ""confidence"": true, ""rag"": false, ""multipage_context"": false, ""text_context"": false, ""data_schema"": {""replace"": false}}}",false
104,2026-01-08T16:23:00Z,https://i.imgur.com/21IPoqF.png,"{""id"": ""326240fd-e7bd-4592-838c-323367e5c641"", ""job"": {""id"": ""326240fd-e7bd-4592-838c-323367e5c641""}, ""model"": {""id"": ""4525d27d-e949-49a2-b2ee-a7ef6ee1ea4f""}, ""file"": {""name"": ""receipt_756.jpg"", ""alias"": null, ""page_count"": 1, ""mime_type"": ""image/jpeg""}, ""result"": {""fields"": {""supplier_name"": {""locations"": [], ""confidence"": ""High"", ""value"": ""Faktura: Oprava potrub\u00ed""}, ""supplier_address"": {""locations"": [], ""confidence"": ""High"", ""value"": null}, ""supplier_phone_number"": {""locations"": [], ""confidence"": ""High"", ""value"": null}, ""supplier_company_registration"": {""items"": [{""locations"": [], ""confidence"": ""Certain"", ""fields"": {""number"": {""locations"": [], ""confidence"": ""Certain"", ""value"": ""11223344""}, ""type"": {""locations"": [], ""confidence"": ""Certain"", ""value"": ""ICO""}}}], ""confidence"": ""High""}, ""receipt_number"": {""locations"": [], ""confidence"": ""High"", ""value"": ""DOC-8196""}, ""date"": {""locations"": [], ""confidence"": ""Certain"", ""value"": ""2026-01-08""}, ""time"": {""locations"": [], ""confidence"": ""Certain"", ""value"": null}, ""total_amount"": {""locations"": [], ""confidence"": ""Certain"", ""value"": -15485.15}, ""total_net"": {""locations"": [], ""confidence"": ""High"", ""value"": -12797.64}, ""total_tax"": {""locations"": [], ""confidence"": ""Certain"", ""value"": -2687.51}, ""taxes"": {""items"": [{""locations"": [], ""confidence"": ""High"", ""fields"": {""rate"": {""locations"": [], ""confidence"": ""Certain"", ""value"": 0.21}, ""base"": {""locations"": [], ""confidence"": ""Certain"", ""value"": -12797.64}, ""amount"": {""locations"": [], ""confidence"": ""High"", ""value"": -2687.51}}}], ""confidence"": ""High""}, ""tips_gratuity"": {""locations"": [], ""confidence"": ""High"", ""value"": null}, ""line_items"": {""items"": [{""locations"": [], ""confidence"": ""High"", ""fields"": {""description"": {""locations"": [], ""confidence"": ""High"", ""value"": ""Instalat\u00e9rsk\u00fd materi\u00e1l / Pr\u00e1ce""}, ""quantity"": {""locations"": [], ""confidence"": ""Certain"", ""value"": 1}, ""unit_price"": {""locations"": [], ""confidence"": ""High"", ""value"": -12797.64}, ""total_price"": {""locations"": [], ""confidence"": ""High"", ""value"": -15485.15}}}], ""confidence"": ""High""}, ""document_type"": {""locations"": [], ""confidence"": ""High"", ""value"": ""invoice""}, ""purchase_category"": {""locations"": [], ""confidence"": ""Certain"", ""value"": ""income""}, ""purchase_subcategory"": {""locations"": [], ""confidence"": ""Certain"", ""value"": ""services""}, ""locale"": {""locations"": [], ""confidence"": ""High"", ""fields"": {""language"": {""locations"": [], ""confidence"": ""Certain"", ""value"": ""cs""}, ""country"": {""locations"": [], ""confidence"": ""Certain"", ""value"": ""CZ""}, ""currency"": {""locations"": [], ""confidence"": ""High"", ""value"": ""CZK""}}}}, ""raw_text"": null, ""rag"": null}, ""active_options"": {""raw_text"": false, ""polygon"": false, ""confidence"": true, ""rag"": false, ""multipage_context"": false, ""text_context"": false, ""data_schema"": {""replace"": false}}}",false
105,2026-01-11T14:01:00Z,https://i.imgur.com/21IPoqF.png,"{""id"": ""5880a9ff-06ce-4deb-bded-3d6aeac17e9e"", ""job"": {""id"": ""5880a9ff-06ce-4deb-bded-3d6aeac17e9e""}, ""model"": {""id"": ""4525d27d-e949-49a2-b2ee-a7ef6ee1ea4f""}, ""file"": {""name"": ""receipt_588.jpg"", ""alias"": null, ""page_count"": 1, ""mime_type"": ""image/jpeg""}, ""result"": {""fields"": {""supplier_name"": {""locations"": [], ""confidence"": ""High"", ""value"": ""OBI""}, ""supplier_address"": {""locations"": [], ""confidence"": ""Certain"", ""value"": null}, ""supplier_phone_number"": {""locations"": [], ""confidence"": ""Certain"", ""value"": null}, ""supplier_company_registration"": {""items"": [{""locations"": [], ""confidence"": ""Certain"", ""fields"": {""number"": {""locations"": [], ""confidence"": ""High"", ""value"": ""46612473""}, ""type"": {""locations"": [], ""confidence"": ""Certain"", ""value"": ""ICO""}}}], ""confidence"": ""Certain""}, ""receipt_number"": {""locations"": [], ""confidence"": ""High"", ""value"": ""DOC-6291""}, ""date"": {""locations"": [], ""confidence"": ""Certain"", ""value"": ""2026-01-11""}, ""time"": {""locations"": [], ""confidence"": ""Certain"", ""value"": null}, ""total_amount"": {""locations"": [], ""confidence"": ""High"", ""value"": 913.79}, ""total_net"": {""locations"": [], ""confidence"": ""High"", ""value"": 755.2}, ""total_tax"": {""locations"": [], ""confidence"": ""Certain"", ""value"": 158.59}, ""taxes"": {""items"": [{""locations"": [], ""confidence"": ""Certain"", ""fields"": {""rate"": {""locations"": [], ""confidence"": ""High"", ""value"": 0.21}, ""base"": {""locations"": [], ""confidence"": ""Certain"", ""value"": 755.2}, ""amount"": {""locations"": [], ""confidence"": ""Certain"", ""value"": 158.59}}}], ""confidence"": ""High""}, ""tips_gratuity"": {""locations"": [], ""confidence"": ""High"", ""value"": null}, ""line_items"": {""items"": [{""locations"": [], ""confidence"": ""High"", ""fields"": {""description"": {""locations"": [], ""confidence"": ""Certain"", ""value"": ""Instalat\u00e9rsk\u00fd materi\u00e1l / Pr\u00e1ce""}, ""quantity"": {""locations"": [], ""confidence"": ""High"", ""value"": 1}, ""unit_price"": {""locations"": [], ""confidence"": ""Certain"", ""value"": 755.2}, ""total_price"": {""locations"": [], ""confidence"": ""Certain"", ""value"": 913.79}}}], ""confidence"": ""High""}, ""document_type"": {""locations"": [], ""confidence"": ""High"", ""value"": ""expense_receipt""}, ""purchase_category"": {""locations"": [], ""confidence"": ""Certain"", ""value"": ""hardware""}, ""purchase_subcategory"": {""locations"": [], ""confidence"": ""High"", ""value"": ""tools""}, ""locale"": {""locations"": [], ""confidence"": ""High"", ""fields"": {""language"": {""locations"": [], ""confidence"": ""High"", ""value"": ""cs""}, ""country"": {""locations"": [], ""confidence"": ""Certain"", ""value"": ""CZ""}, ""currency"": {""locations"": [], ""confidence"": ""High"", ""value"": ""CZK""}}}}, ""raw_text"": null, ""rag"": null}, ""active_options"": {""raw_text"": false, ""polygon"": false, ""confidence"": true, ""rag"": false, ""multipage_context"": false, ""text_context"": false, ""data_schema"": {""replace"": false}}}",false
106,2026-01-14T16:07:00Z,https://i.imgur.com/21IPoqF.png,"{""id"": ""49597b18-89ba-4e59-aea2-ec734effb5c6"", ""job"": {""id"": ""49597b18-89ba-4e59-aea2-ec734effb5c6""}, ""model"": {""id"": ""4525d27d-e949-49a2-b2ee-a7ef6ee1ea4f""}, ""file"": {""name"": ""receipt_564.jpg"", ""alias"": null, ""page_count"": 1, ""mime_type"": ""image/jpeg""}, ""result"": {""fields"": {""supplier_name"": {""locations"": [], ""confidence"": ""Certain"", ""value"": ""Benzina""}, ""supplier_address"": {""locations"": [], ""confidence"": ""High"", ""value"": null}, ""supplier_phone_number"": {""locations"": [], ""confidence"": ""High"", ""value"": null}, ""supplier_company_registration"": {""items"": [{""locations"": [], ""confidence"": ""Certain"", ""fields"": {""number"": {""locations"": [], ""confidence"": ""Certain"", ""value"": ""60193328""}, ""type"": {""locations"": [], ""confidence"": ""High"", ""value"": ""ICO""}}}], ""confidence"": ""Certain""}, ""receipt_number"": {""locations"": [], ""confidence"": ""Certain"", ""value"": ""DOC-5979""}, ""date"": {""locations"": [], ""confidence"": ""High"", ""value"": ""2026-01-14""}, ""time"": {""locations"": [], ""confidence"": ""Certain"", ""value"": null}, ""total_amount"": {""locations"": [], ""confidence"": ""Certain"", ""value"": 2493.08}, ""total_net"": {""locations"": [], ""confidence"": ""High"", ""value"": 2060.4}, ""total_tax"": {""locations"": [], ""confidence"": ""Certain"", ""value"": 432.68}, ""taxes"": {""items"": [{""locations"": [], ""confidence"": ""Certain"", ""fields"": {""rate"": {""locations"": [], ""confidence"": ""High"", ""value"": 0.21}, ""base"": {""locations"": [], ""confidence"": ""Certain"", ""value"": 2060.4}, ""amount"": {""locations"": [], ""confidence"": ""Certain"", ""value"": 432.68}}}], ""confidence"": ""High""}, ""tips_gratuity"": {""locations"": [], ""confidence"": ""High"", ""value"": null}, ""line_items"": {""items"": [{""locations"": [], ""confidence"": ""High"", ""fields"": {""description"": {""locations"": [], ""confidence"": ""High"", ""value"": ""Instalat\u00e9rsk\u00fd materi\u00e1l / Pr\u00e1ce""}, ""quantity"": {""locations"": [], ""confidence"": ""Certain"", ""value"": 1}, ""unit_price"": {""locations"": [], ""confidence"": ""Certain"", ""value"": 2060.4}, ""total_price"": {""locations"": [], ""confidence"": ""High"", ""value"": 2493.08}}}], ""confidence"": ""Certain""}, ""document_type"": {""locations"": [], ""confidence"": ""Certain"", ""value"": ""expense_receipt""}, ""purchase_category"": {""locations"": [], ""confidence"": ""Certain"", ""value"": ""transportation""}, ""purchase_subcategory"": {""locations"": [], ""confidence"": ""High"", ""value"": ""fuel""}, ""locale"": {""locations"": [], ""confidence"": ""High"", ""fields"": {""language"": {""locations"": [], ""confidence"": ""Certain"", ""value"": ""cs""}, ""country"": {""locations"": [], ""confidence"": ""High"", ""value"": ""CZ""}, ""currency"": {""locations"": [], ""confidence"": ""High"", ""value"": ""CZK""}}}}, ""raw_text"": null, ""rag"": null}, ""active_options"": {""raw_text"": false, ""polygon"": false, ""confidence"": true, ""rag"": false, ""multipage_context"": false, ""text_context"": false, ""data_schema"": {""replace"": false}}}",false
107,2026-01-18T12:37:00Z,https://i.imgur.com/21IPoqF.png,"{""id"": ""0c25f76c-7e8a-4ba7-b292-be6444ae13c8"", ""job"": {""id"": ""0c25f76c-7e8a-4ba7-b292-be6444ae13c8""}, ""model"": {""id"": ""4525d27d-e949-49a2-b2ee-a7ef6ee1ea4f""}, ""file"": {""name"": ""receipt_337.jpg"", ""alias"": null, ""page_count"": 1, ""mime_type"": ""image/jpeg""}, ""result"": {""fields"": {""supplier_name"": {""locations"": [], ""confidence"": ""High"", ""value"": ""Faktura: SVJ Nov\u00e1kova""}, ""supplier_address"": {""locations"": [], ""confidence"": ""Certain"", ""value"": null}, ""supplier_phone_number"": {""locations"": [], ""confidence"": ""High"", ""value"": null}, ""supplier_company_registration"": {""items"": [{""locations"": [], ""confidence"": ""Certain"", ""fields"": {""number"": {""locations"": [], ""confidence"": ""Certain"", ""value"": ""12345678""}, ""type"": {""locations"": [], ""confidence"": ""Certain"", ""value"": ""ICO""}}}], ""confidence"": ""Certain""}, ""receipt_number"": {""locations"": [], ""confidence"": ""Certain"", ""value"": ""DOC-7050""}, ""date"": {""locations"": [], ""confidence"": ""Certain"", ""value"": ""2026-01-18""}, ""time"": {""locations"": [], ""confidence"": ""High"", ""value"": null}, ""total_amount"": {""locations"": [], ""confidence"": ""Certain"", ""value"": -10128.23}, ""total_net"": {""locations"": [], ""confidence"": ""High"", ""value"": -8370.44}, ""total_tax"": {""locations"": [], ""confidence"": ""High"", ""value"": -1757.79}, ""taxes"": {""items"": [{""locations"": [], ""confidence"": ""Certain"", ""fields"": {""rate"": {""locations"": [], ""confidence"": ""Certain"", ""value"": 0.21}, ""base"": {""locations"": [], ""confidence"": ""Certain"", ""value"": -8370.44}, ""amount"": {""locations"": [], ""confidence"": ""High"", ""value"": -1757.79}}}], ""confidence"": ""High""}, ""tips_gratuity"": {""locations"": [], ""confidence"": ""High"", ""value"": null}, ""line_items"": {""items"": [{""locations"": [], ""confidence"": ""Certain"", ""fields"": {""description"": {""locations"": [], ""confidence"": ""Certain"", ""value"": ""Instalat\u00e9rsk\u00fd materi\u00e1l / Pr\u00e1ce""}, ""quantity"": {""locations"": [], ""confidence"": ""Certain"", ""value"": 1}, ""unit_price"": {""locations"": [], ""confidence"": ""High"", ""value"": -8370.44}, ""total_price"": {""locations"": [], ""confidence"": ""High"", ""value"": -10128.23}}}], ""confidence"": ""High""}, ""document_type"": {""locations"": [], ""confidence"": ""Certain"", ""value"": ""invoice""}, ""purchase_category"": {""locations"": [], ""confidence"": ""High"", ""value"": ""income""}, ""purchase_subcategory"": {""locations"": [], ""confidence"": ""High"", ""value"": ""services""}, ""locale"": {""locations"": [], ""confidence"": ""High"", ""fields"": {""language"": {""locations"": [], ""confidence"": ""High"", ""value"": ""cs""}, ""country"": {""locations"": [], ""confidence"": ""Certain"", ""value"": ""CZ""}, ""currency"": {""locations"": [], ""confidence"": ""Certain"", ""value"": ""CZK""}}}}, ""raw_text"": null, ""rag"": null}, ""active_options"": {""raw_text"": false, ""polygon"": false, ""confidence"": true, ""rag"": false, ""multipage_context"": false, ""text_context"": false, ""data_schema"": {""replace"": false}}}",false
108,2026-01-20T13:36:00Z,https://i.imgur.com/21IPoqF.png,"{""id"": ""834d9565-27f4-4805-98c0-6c162fe8f842"", ""job"": {""id"": ""834d9565-27f4-4805-98c0-6c162fe8f842""}, ""model"": {""id"": ""4525d27d-e949-49a2-b2ee-a7ef6ee1ea4f""}, ""file"": {""name"": ""receipt_995.jpg"", ""alias"": null, ""page_count"": 1, ""mime_type"": ""image/jpeg""}, ""result"": {""fields"": {""supplier_name"": {""locations"": [], ""confidence"": ""Certain"", ""value"": ""Hornbach""}, ""supplier_address"": {""locations"": [], ""confidence"": ""Certain"", ""value"": null}, ""supplier_phone_number"": {""locations"": [], ""confidence"": ""High"", ""value"": null}, ""supplier_company_registration"": {""items"": [{""locations"": [], ""confidence"": ""Certain"", ""fields"": {""number"": {""locations"": [], ""confidence"": ""High"", ""value"": ""47116622""}, ""type"": {""locations"": [], ""confidence"": ""High"", ""value"": ""ICO""}}}], ""confidence"": ""High""}, ""receipt_number"": {""locations"": [], ""confidence"": ""High"", ""value"": ""DOC-9048""}, ""date"": {""locations"": [], ""confidence"": ""Certain"", ""value"": ""2026-01-20""}, ""time"": {""locations"": [], ""confidence"": ""High"", ""value"": null}, ""total_amount"": {""locations"": [], ""confidence"": ""Certain"", ""value"": 2110.96}, ""total_net"": {""locations"": [], ""confidence"": ""High"", ""value"": 1744.6}, ""total_tax"": {""locations"": [], ""confidence"": ""High"", ""value"": 366.36}, ""taxes"": {""items"": [{""locations"": [], ""confidence"": ""High"", ""fields"": {""rate"": {""locations"": [], ""confidence"": ""Certain"", ""value"": 0.21}, ""base"": {""locations"": [], ""confidence"": ""Certain"", ""value"": 1744.6}, ""amount"": {""locations"": [], ""confidence"": ""High"", ""value"": 366.36}}}], ""confidence"": ""High""}, ""tips_gratuity"": {""locations"": [], ""confidence"": ""Certain"", ""value"": null}, ""line_items"": {""items"": [{""locations"": [], ""confidence"": ""High"", ""fields"": {""description"": {""locations"": [], ""confidence"": ""High"", ""value"": ""Instalat\u00e9rsk\u00fd materi\u00e1l / Pr\u00e1ce""}, ""quantity"": {""locations"": [], ""confidence"": ""High"", ""value"": 1}, ""unit_price"": {""locations"": [], ""confidence"": ""Certain"", ""value"": 1744.6}, ""total_price"": {""locations"": [], ""confidence"": ""High"", ""value"": 2110.96}}}], ""confidence"": ""High""}, ""document_type"": {""locations"": [], ""confidence"": ""Certain"", ""value"": ""expense_receipt""}, ""purchase_category"": {""locations"": [], ""confidence"": ""High"", ""value"": ""hardware""}, ""purchase_subcategory"": {""locations"": [], ""confidence"": ""Certain"", ""value"": ""tools""}, ""locale"": {""locations"": [], ""confidence"": ""Certain"", ""fields"": {""language"": {""locations"": [], ""confidence"": ""Certain"", ""value"": ""cs""}, ""country"": {""locations"": [], ""confidence"": ""High"", ""value"": ""CZ""}, ""currency"": {""locations"": [], ""confidence"": ""High"", ""value"": ""CZK""}}}}, ""raw_text"": null, ""rag"": null}, ""active_options"": {""raw_text"": false, ""polygon"": false, ""confidence"": true, ""rag"": false, ""multipage_context"": false, ""text_context"": false, ""data_schema"": {""replace"": false}}}",false
109,2026-01-23T16:08:00Z,https://i.imgur.com/21IPoqF.png,"{""id"": ""a22169b3-ceb3-42b1-a1aa-6f8d9c98efca"", ""job"": {""id"": ""a22169b3-ceb3-42b1-a1aa-6f8d9c98efca""}, ""model"": {""id"": ""4525d27d-e949-49a2-b2ee-a7ef6ee1ea4f""}, ""file"": {""name"": ""receipt_245.jpg"", ""alias"": null, ""page_count"": 1, ""mime_type"": ""image/jpeg""}, ""result"": {""fields"": {""supplier_name"": {""locations"": [], ""confidence"": ""High"", ""value"": ""Pt\u00e1\u010dek - velkoobchod""}, ""supplier_address"": {""locations"": [], ""confidence"": ""Certain"", ""value"": null}, ""supplier_phone_number"": {""locations"": [], ""confidence"": ""Certain"", ""value"": null}, ""supplier_company_registration"": {""items"": [{""locations"": [], ""confidence"": ""High"", ""fields"": {""number"": {""locations"": [], ""confidence"": ""Certain"", ""value"": ""25501143""}, ""type"": {""locations"": [], ""confidence"": ""Certain"", ""value"": ""ICO""}}}], ""confidence"": ""Certain""}, ""receipt_number"": {""locations"": [], ""confidence"": ""Certain"", ""value"": ""DOC-9251""}, ""date"": {""locations"": [], ""confidence"": ""Certain"", ""value"": ""2026-01-23""}, ""time"": {""locations"": [], ""confidence"": ""Certain"", ""value"": null}, ""total_amount"": {""locations"": [], ""confidence"": ""Certain"", ""value"": 1039.29}, ""total_net"": {""locations"": [], ""confidence"": ""High"", ""value"": 858.92}, ""total_tax"": {""locations"": [], ""confidence"": ""High"", ""value"": 180.37}, ""taxes"": {""items"": [{""locations"": [], ""confidence"": ""Certain"", ""fields"": {""rate"": {""locations"": [], ""confidence"": ""High"", ""value"": 0.21}, ""base"": {""locations"": [], ""confidence"": ""High"", ""value"": 858.92}, ""amount"": {""locations"": [], ""confidence"": ""High"", ""value"": 180.37}}}], ""confidence"": ""High""}, ""tips_gratuity"": {""locations"": [], ""confidence"": ""Certain"", ""value"": null}, ""line_items"": {""items"": [{""locations"": [], ""confidence"": ""Certain"", ""fields"": {""description"": {""locations"": [], ""confidence"": ""High"", ""value"": ""Instalat\u00e9rsk\u00fd materi\u00e1l / Pr\u00e1ce""}, ""quantity"": {""locations"": [], ""confidence"": ""High"", ""value"": 1}, ""unit_price"": {""locations"": [], ""confidence"": ""Certain"", ""value"": 858.92}, ""total_price"": {""locations"": [], ""confidence"": ""Certain"", ""value"": 1039.29}}}], ""confidence"": ""High""}, ""document_type"": {""locations"": [], ""confidence"": ""Certain"", ""value"": ""expense_receipt""}, ""purchase_category"": {""locations"": [], ""confidence"": ""Certain"", ""value"": ""shopping""}, ""purchase_subcategory"": {""locations"": [], ""confidence"": ""High"", ""value"": ""plumbing""}, ""locale"": {""locations"": [], ""confidence"": ""High"", ""fields"": {""language"": {""locations"": [], ""confidence"": ""High"", ""value"": ""cs""}, ""country"": {""locations"": [], ""confidence"": ""High"", ""value"": ""CZ""}, ""currency"": {""locations"": [], ""confidence"": ""Certain"", ""value"": ""CZK""}}}}, ""raw_text"": null, ""rag"": null}, ""active_options"": {""raw_text"": false, ""polygon"": false, ""confidence"": true, ""rag"": false, ""multipage_context"": false, ""text_context"": false, ""data_schema"": {""replace"": false}}}",false
110,2026-01-24T09:46:00Z,https://i.imgur.com/21IPoqF.png,"{""id"": ""0208e177-e061-4a65-93aa-62febfbeb54f"", ""job"": {""id"": ""0208e177-e061-4a65-93aa-62febfbeb54f""}, ""model"": {""id"": ""4525d27d-e949-49a2-b2ee-a7ef6ee1ea4f""}, ""file"": {""name"": ""receipt_295.jpg"", ""alias"": null, ""page_count"": 1, ""mime_type"": ""image/jpeg""}, ""result"": {""fields"": {""supplier_name"": {""locations"": [], ""confidence"": ""Certain"", ""value"": ""Pt\u00e1\u010dek - velkoobchod""}, ""supplier_address"": {""locations"": [], ""confidence"": ""Certain"", ""value"": null}, ""supplier_phone_number"": {""locations"": [], ""confidence"": ""Certain"", ""value"": null}, ""supplier_company_registration"": {""items"": [{""locations"": [], ""confidence"": ""High"", ""fields"": {""number"": {""locations"": [], ""confidence"": ""High"", ""value"": ""25501143""}, ""type"": {""locations"": [], ""confidence"": ""High"", ""value"": ""ICO""}}}], ""confidence"": ""High""}, ""receipt_number"": {""locations"": [], ""confidence"": ""Certain"", ""value"": ""DOC-8072""}, ""date"": {""locations"": [], ""confidence"": ""Certain"", ""value"": ""2026-01-24""}, ""time"": {""locations"": [], ""confidence"": ""Certain"", ""value"": null}, ""total_amount"": {""locations"": [], ""confidence"": ""Certain"", ""value"": 3351.81}, ""total_net"": {""locations"": [], ""confidence"": ""Certain"", ""value"": 2770.09}, ""total_tax"": {""locations"": [], ""confidence"": ""High"", ""value"": 581.72}, ""taxes"": {""items"": [{""locations"": [], ""confidence"": ""High"", ""fields"": {""rate"": {""locations"": [], ""confidence"": ""High"", ""value"": 0.21}, ""base"": {""locations"": [], ""confidence"": ""High"", ""value"": 2770.09}, ""amount"": {""locations"": [], ""confidence"": ""Certain"", ""value"": 581.72}}}], ""confidence"": ""Certain""}, ""tips_gratuity"": {""locations"": [], ""confidence"": ""Certain"", ""value"": null}, ""line_items"": {""items"": [{""locations"": [], ""confidence"": ""Certain"", ""fields"": {""description"": {""locations"": [], ""confidence"": ""Certain"", ""value"": ""Instalat\u00e9rsk\u00fd materi\u00e1l / Pr\u00e1ce""}, ""quantity"": {""locations"": [], ""confidence"": ""High"", ""value"": 1}, ""unit_price"": {""locations"": [], ""confidence"": ""High"", ""value"": 2770.09}, ""total_price"": {""locations"": [], ""confidence"": ""High"", ""value"": 3351.81}}}], ""confidence"": ""Certain""}, ""document_type"": {""locations"": [], ""confidence"": ""Certain"", ""value"": ""expense_receipt""}, ""purchase_category"": {""locations"": [], ""confidence"": ""Certain"", ""value"": ""shopping""}, ""purchase_subcategory"": {""locations"": [], ""confidence"": ""Certain"", ""value"": ""plumbing""}, ""locale"": {""locations"": [], ""confidence"": ""Certain"", ""fields"": {""language"": {""locations"": [], ""confidence"": ""High"", ""value"": ""cs""}, ""country"": {""locations"": [], ""confidence"": ""High"", ""value"": ""CZ""}, ""currency"": {""locations"": [], ""confidence"": ""Certain"", ""value"": ""CZK""}}}}, ""raw_text"": null, ""rag"": null}, ""active_options"": {""raw_text"": false, ""polygon"": false, ""confidence"": true, ""rag"": false, ""multipage_context"": false, ""text_context"": false, ""data_schema"": {""replace"": false}}}",false
111,2026-01-25T16:07:00Z,https://i.imgur.com/21IPoqF.png,"{""id"": ""74f577c8-474f-445f-a436-bd9984c254e5"", ""job"": {""id"": ""74f577c8-474f-445f-a436-bd9984c254e5""}, ""model"": {""id"": ""4525d27d-e949-49a2-b2ee-a7ef6ee1ea4f""}, ""file"": {""name"": ""receipt_497.jpg"", ""alias"": null, ""page_count"": 1, ""mime_type"": ""image/jpeg""}, ""result"": {""fields"": {""supplier_name"": {""locations"": [], ""confidence"": ""High"", ""value"": ""Stavebniny DEK""}, ""supplier_address"": {""locations"": [], ""confidence"": ""High"", ""value"": null}, ""supplier_phone_number"": {""locations"": [], ""confidence"": ""High"", ""value"": null}, ""supplier_company_registration"": {""items"": [{""locations"": [], ""confidence"": ""Certain"", ""fields"": {""number"": {""locations"": [], ""confidence"": ""High"", ""value"": ""27636801""}, ""type"": {""locations"": [], ""confidence"": ""Certain"", ""value"": ""ICO""}}}], ""confidence"": ""Certain""}, ""receipt_number"": {""locations"": [], ""confidence"": ""High"", ""value"": ""DOC-6757""}, ""date"": {""locations"": [], ""confidence"": ""Certain"", ""value"": ""2026-01-25""}, ""time"": {""locations"": [], ""confidence"": ""High"", ""value"": null}, ""total_amount"": {""locations"": [], ""confidence"": ""Certain"", ""value"": 1686.75}, ""total_net"": {""locations"": [], ""confidence"": ""High"", ""value"": 1394.01}, ""total_tax"": {""locations"": [], ""confidence"": ""High"", ""value"": 292.74}, ""taxes"": {""items"": [{""locations"": [], ""confidence"": ""Certain"", ""fields"": {""rate"": {""locations"": [], ""confidence"": ""High"", ""value"": 0.21}, ""base"": {""locations"": [], ""confidence"": ""High"", ""value"": 1394.01}, ""amount"": {""locations"": [], ""confidence"": ""Certain"", ""value"": 292.74}}}], ""confidence"": ""High""}, ""tips_gratuity"": {""locations"": [], ""confidence"": ""Certain"", ""value"": null}, ""line_items"": {""items"": [{""locations"": [], ""confidence"": ""Certain"", ""fields"": {""description"": {""locations"": [], ""confidence"": ""Certain"", ""value"": ""Instalat\u00e9rsk\u00fd materi\u00e1l / Pr\u00e1ce""}, ""quantity"": {""locations"": [], ""confidence"": ""Certain"", ""value"": 1}, ""unit_price"": {""locations"": [], ""confidence"": ""High"", ""value"": 1394.01}, ""total_price"": {""locations"": [], ""confidence"": ""High"", ""value"": 1686.75}}}], ""confidence"": ""High""}, ""document_type"": {""locations"": [], ""confidence"": ""Certain"", ""value"": ""expense_receipt""}, ""purchase_category"": {""locations"": [], ""confidence"": ""Certain"", ""value"": ""shopping""}, ""purchase_subcategory"": {""locations"": [], ""confidence"": ""High"", ""value"": ""materials""}, ""locale"": {""locations"": [], ""confidence"": ""Certain"", ""fields"": {""language"": {""locations"": [], ""confidence"": ""Certain"", ""value"": ""cs""}, ""country"": {""locations"": [], ""confidence"": ""Certain"", ""value"": ""CZ""}, ""currency"": {""locations"": [], ""confidence"": ""High"", ""value"": ""CZK""}}}}, ""raw_text"": null, ""rag"": null}, ""active_options"": {""raw_text"": false, ""polygon"": false, ""confidence"": true, ""rag"": false, ""multipage_context"": false, ""text_context"": false, ""data_schema"": {""replace"": false}}}",false
112,2026-01-26T13:04:00Z,https://i.imgur.com/21IPoqF.png,"{""id"": ""1cef06fe-bd45-44d0-8de0-2819759b75ee"", ""job"": {""id"": ""1cef06fe-bd45-44d0-8de0-2819759b75ee""}, ""model"": {""id"": ""4525d27d-e949-49a2-b2ee-a7ef6ee1ea4f""}, ""file"": {""name"": ""receipt_767.jpg"", ""alias"": null, ""page_count"": 1, ""mime_type"": ""image/jpeg""}, ""result"": {""fields"": {""supplier_name"": {""locations"": [], ""confidence"": ""Certain"", ""value"": ""Pt\u00e1\u010dek - velkoobchod""}, ""supplier_address"": {""locations"": [], ""confidence"": ""High"", ""value"": null}, ""supplier_phone_number"": {""locations"": [], ""confidence"": ""High"", ""value"": null}, ""supplier_company_registration"": {""items"": [{""locations"": [], ""confidence"": ""Certain"", ""fields"": {""number"": {""locations"": [], ""confidence"": ""High"", ""value"": ""25501143""}, ""type"": {""locations"": [], ""confidence"": ""Certain"", ""value"": ""ICO""}}}], ""confidence"": ""Certain""}, ""receipt_number"": {""locations"": [], ""confidence"": ""High"", ""value"": ""DOC-3662""}, ""date"": {""locations"": [], ""confidence"": ""Certain"", ""value"": ""2026-01-26""}, ""time"": {""locations"": [], ""confidence"": ""Certain"", ""value"": null}, ""total_amount"": {""locations"": [], ""confidence"": ""Certain"", ""value"": 1613.58}, ""total_net"": {""locations"": [], ""confidence"": ""Certain"", ""value"": 1333.54}, ""total_tax"": {""locations"": [], ""confidence"": ""High"", ""value"": 280.04}, ""taxes"": {""items"": [{""locations"": [], ""confidence"": ""High"", ""fields"": {""rate"": {""locations"": [], ""confidence"": ""High"", ""value"": 0.21}, ""base"": {""locations"": [], ""confidence"": ""High"", ""value"": 1333.54}, ""amount"": {""locations"": [], ""confidence"": ""High"", ""value"": 280.04}}}], ""confidence"": ""Certain""}, ""tips_gratuity"": {""locations"": [], ""confidence"": ""High"", ""value"": null}, ""line_items"": {""items"": [{""locations"": [], ""confidence"": ""High"", ""fields"": {""description"": {""locations"": [], ""confidence"": ""Certain"", ""value"": ""Instalat\u00e9rsk\u00fd materi\u00e1l / Pr\u00e1ce""}, ""quantity"": {""locations"": [], ""confidence"": ""High"", ""value"": 1}, ""unit_price"": {""locations"": [], ""confidence"": ""High"", ""value"": 1333.54}, ""total_price"": {""locations"": [], ""confidence"": ""Certain"", ""value"": 1613.58}}}], ""confidence"": ""Certain""}, ""document_type"": {""locations"": [], ""confidence"": ""Certain"", ""value"": ""expense_receipt""}, ""purchase_category"": {""locations"": [], ""confidence"": ""High"", ""value"": ""shopping""}, ""purchase_subcategory"": {""locations"": [], ""confidence"": ""High"", ""value"": ""plumbing""}, ""locale"": {""locations"": [], ""confidence"": ""High"", ""fields"": {""language"": {""locations"": [], ""confidence"": ""High"", ""value"": ""cs""}, ""country"": {""locations"": [], ""confidence"": ""High"", ""value"": ""CZ""}, ""currency"": {""locations"": [], ""confidence"": ""High"", ""value"": ""CZK""}}}}, ""raw_text"": null, ""rag"": null}, ""active_options"": {""raw_text"": false, ""polygon"": false, ""confidence"": true, ""rag"": false, ""multipage_context"": false, ""text_context"": false, ""data_schema"": {""replace"": false}}}",false
113,2026-01-29T13:50:00Z,https://i.imgur.com/21IPoqF.png,"{""id"": ""a3de3d14-a8f1-40ca-8045-3f84725abbf3"", ""job"": {""id"": ""a3de3d14-a8f1-40ca-8045-3f84725abbf3""}, ""model"": {""id"": ""4525d27d-e949-49a2-b2ee-a7ef6ee1ea4f""}, ""file"": {""name"": ""receipt_575.jpg"", ""alias"": null, ""page_count"": 1, ""mime_type"": ""image/jpeg""}, ""result"": {""fields"": {""supplier_name"": {""locations"": [], ""confidence"": ""High"", ""value"": ""Benzina""}, ""supplier_address"": {""locations"": [], ""confidence"": ""High"", ""value"": null}, ""supplier_phone_number"": {""locations"": [], ""confidence"": ""High"", ""value"": null}, ""supplier_company_registration"": {""items"": [{""locations"": [], ""confidence"": ""High"", ""fields"": {""number"": {""locations"": [], ""confidence"": ""High"", ""value"": ""60193328""}, ""type"": {""locations"": [], ""confidence"": ""Certain"", ""value"": ""ICO""}}}], ""confidence"": ""Certain""}, ""receipt_number"": {""locations"": [], ""confidence"": ""High"", ""value"": ""DOC-1814""}, ""date"": {""locations"": [], ""confidence"": ""High"", ""value"": ""2026-01-29""}, ""time"": {""locations"": [], ""confidence"": ""Certain"", ""value"": null}, ""total_amount"": {""locations"": [], ""confidence"": ""High"", ""value"": 1310.72}, ""total_net"": {""locations"": [], ""confidence"": ""High"", ""value"": 1083.24}, ""total_tax"": {""locations"": [], ""confidence"": ""High"", ""value"": 227.48}, ""taxes"": {""items"": [{""locations"": [], ""confidence"": ""High"", ""fields"": {""rate"": {""locations"": [], ""confidence"": ""Certain"", ""value"": 0.21}, ""base"": {""locations"": [], ""confidence"": ""Certain"", ""value"": 1083.24}, ""amount"": {""locations"": [], ""confidence"": ""High"", ""value"": 227.48}}}], ""confidence"": ""Certain""}, ""tips_gratuity"": {""locations"": [], ""confidence"": ""High"", ""value"": null}, ""line_items"": {""items"": [{""locations"": [], ""confidence"": ""Certain"", ""fields"": {""description"": {""locations"": [], ""confidence"": ""High"", ""value"": ""Instalat\u00e9rsk\u00fd materi\u00e1l / Pr\u00e1ce""}, ""quantity"": {""locations"": [], ""confidence"": ""High"", ""value"": 1}, ""unit_price"": {""locations"": [], ""confidence"": ""Certain"", ""value"": 1083.24}, ""total_price"": {""locations"": [], ""confidence"": ""Certain"", ""value"": 1310.72}}}], ""confidence"": ""Certain""}, ""document_type"": {""locations"": [], ""confidence"": ""High"", ""value"": ""expense_receipt""}, ""purchase_category"": {""locations"": [], ""confidence"": ""Certain"", ""value"": ""transportation""}, ""purchase_subcategory"": {""locations"": [], ""confidence"": ""Certain"", ""value"": ""fuel""}, ""locale"": {""locations"": [], ""confidence"": ""High"", ""fields"": {""language"": {""locations"": [], ""confidence"": ""High"", ""value"": ""cs""}, ""country"": {""locations"": [], ""confidence"": ""Certain"", ""value"": ""CZ""}, ""currency"": {""locations"": [], ""confidence"": ""High"", ""value"": ""CZK""}}}}, ""raw_text"": null, ""rag"": null}, ""active_options"": {""raw_text"": false, ""polygon"": false, ""confidence"": true, ""rag"": false, ""multipage_context"": false, ""text_context"": false, ""data_schema"": {""replace"": false}}}",false
114,2026-02-01T10:09:00Z,https://i.imgur.com/21IPoqF.png,"{""id"": ""9668b8cb-b1b5-443a-a75e-12904b2749a5"", ""job"": {""id"": ""9668b8cb-b1b5-443a-a75e-12904b2749a5""}, ""model"": {""id"": ""4525d27d-e949-49a2-b2ee-a7ef6ee1ea4f""}, ""file"": {""name"": ""receipt_909.jpg"", ""alias"": null, ""page_count"": 1, ""mime_type"": ""image/jpeg""}, ""result"": {""fields"": {""supplier_name"": {""locations"": [], ""confidence"": ""High"", ""value"": ""Benzina""}, ""supplier_address"": {""locations"": [], ""confidence"": ""Certain"", ""value"": null}, ""supplier_phone_number"": {""locations"": [], ""confidence"": ""Certain"", ""value"": null}, ""supplier_company_registration"": {""items"": [{""locations"": [], ""confidence"": ""High"", ""fields"": {""number"": {""locations"": [], ""confidence"": ""Certain"", ""value"": ""60193328""}, ""type"": {""locations"": [], ""confidence"": ""High"", ""value"": ""ICO""}}}], ""confidence"": ""High""}, ""receipt_number"": {""locations"": [], ""confidence"": ""High"", ""value"": ""DOC-1775""}, ""date"": {""locations"": [], ""confidence"": ""High"", ""value"": ""2026-02-01""}, ""time"": {""locations"": [], ""confidence"": ""Certain"", ""value"": null}, ""total_amount"": {""locations"": [], ""confidence"": ""Certain"", ""value"": 2244.03}, ""total_net"": {""locations"": [], ""confidence"": ""Certain"", ""value"": 1854.57}, ""total_tax"": {""locations"": [], ""confidence"": ""Certain"", ""value"": 389.46}, ""taxes"": {""items"": [{""locations"": [], ""confidence"": ""High"", ""fields"": {""rate"": {""locations"": [], ""confidence"": ""Certain"", ""value"": 0.21}, ""base"": {""locations"": [], ""confidence"": ""Certain"", ""value"": 1854.57}, ""amount"": {""locations"": [], ""confidence"": ""High"", ""value"": 389.46}}}], ""confidence"": ""High""}, ""tips_gratuity"": {""locations"": [], ""confidence"": ""Certain"", ""value"": null}, ""line_items"": {""items"": [{""locations"": [], ""confidence"": ""Certain"", ""fields"": {""description"": {""locations"": [], ""confidence"": ""Certain"", ""value"": ""Instalat\u00e9rsk\u00fd materi\u00e1l / Pr\u00e1ce""}, ""quantity"": {""locations"": [], ""confidence"": ""High"", ""value"": 1}, ""unit_price"": {""locations"": [], ""confidence"": ""High"", ""value"": 1854.57}, ""total_price"": {""locations"": [], ""confidence"": ""High"", ""value"": 2244.03}}}], ""confidence"": ""Certain""}, ""document_type"": {""locations"": [], ""confidence"": ""Certain"", ""value"": ""expense_receipt""}, ""purchase_category"": {""locations"": [], ""confidence"": ""Certain"", ""value"": ""transportation""}, ""purchase_subcategory"": {""locations"": [], ""confidence"": ""Certain"", ""value"": ""fuel""}, ""locale"": {""locations"": [], ""confidence"": ""Certain"", ""fields"": {""language"": {""locations"": [], ""confidence"": ""High"", ""value"": ""cs""}, ""country"": {""locations"": [], ""confidence"": ""Certain"", ""value"": ""CZ""}, ""currency"": {""locations"": [], ""confidence"": ""Certain"", ""value"": ""CZK""}}}}, ""raw_text"": null, ""rag"": null}, ""active_options"": {""raw_text"": false, ""polygon"": false, ""confidence"": true, ""rag"": false, ""multipage_context"": false, ""text_context"": false, ""data_schema"": {""replace"": false}}}",false
115,2026-02-02T11:23:00Z,https://i.imgur.com/21IPoqF.png,"{""id"": ""ced97d4e-0188-4b62-8562-5a0b94e3fe70"", ""job"": {""id"": ""ced97d4e-0188-4b62-8562-5a0b94e3fe70""}, ""model"": {""id"": ""4525d27d-e949-49a2-b2ee-a7ef6ee1ea4f""}, ""file"": {""name"": ""receipt_601.jpg"", ""alias"": null, ""page_count"": 1, ""mime_type"": ""image/jpeg""}, ""result"": {""fields"": {""supplier_name"": {""locations"": [], ""confidence"": ""Certain"", ""value"": ""Benzina""}, ""supplier_address"": {""locations"": [], ""confidence"": ""Certain"", ""value"": null}, ""supplier_phone_number"": {""locations"": [], ""confidence"": ""High"", ""value"": null}, ""supplier_company_registration"": {""items"": [{""locations"": [], ""confidence"": ""Certain"", ""fields"": {""number"": {""locations"": [], ""confidence"": ""Certain"", ""value"": ""60193328""}, ""type"": {""locations"": [], ""confidence"": ""High"", ""value"": ""ICO""}}}], ""confidence"": ""High""}, ""receipt_number"": {""locations"": [], ""confidence"": ""Certain"", ""value"": ""DOC-1825""}, ""date"": {""locations"": [], ""confidence"": ""Certain"", ""value"": ""2026-02-02""}, ""time"": {""locations"": [], ""confidence"": ""Certain"", ""value"": null}, ""total_amount"": {""locations"": [], ""confidence"": ""High"", ""value"": 1489.97}, ""total_net"": {""locations"": [], ""confidence"": ""Certain"", ""value"": 1231.38}, ""total_tax"": {""locations"": [], ""confidence"": ""Certain"", ""value"": 258.59}, ""taxes"": {""items"": [{""locations"": [], ""confidence"": ""Certain"", ""fields"": {""rate"": {""locations"": [], ""confidence"": ""High"", ""value"": 0.21}, ""base"": {""locations"": [], ""confidence"": ""Certain"", ""value"": 1231.38}, ""amount"": {""locations"": [], ""confidence"": ""Certain"", ""value"": 258.59}}}], ""confidence"": ""High""}, ""tips_gratuity"": {""locations"": [], ""confidence"": ""High"", ""value"": null}, ""line_items"": {""items"": [{""locations"": [], ""confidence"": ""Certain"", ""fields"": {""description"": {""locations"": [], ""confidence"": ""High"", ""value"": ""Instalat\u00e9rsk\u00fd materi\u00e1l / Pr\u00e1ce""}, ""quantity"": {""locations"": [], ""confidence"": ""High"", ""value"": 1}, ""unit_price"": {""locations"": [], ""confidence"": ""High"", ""value"": 1231.38}, ""total_price"": {""locations"": [], ""confidence"": ""High"", ""value"": 1489.97}}}], ""confidence"": ""High""}, ""document_type"": {""locations"": [], ""confidence"": ""High"", ""value"": ""expense_receipt""}, ""purchase_category"": {""locations"": [], ""confidence"": ""High"", ""value"": ""transportation""}, ""purchase_subcategory"": {""locations"": [], ""confidence"": ""High"", ""value"": ""fuel""}, ""locale"": {""locations"": [], ""confidence"": ""High"", ""fields"": {""language"": {""locations"": [], ""confidence"": ""High"", ""value"": ""cs""}, ""country"": {""locations"": [], ""confidence"": ""High"", ""value"": ""CZ""}, ""currency"": {""locations"": [], ""confidence"": ""High"", ""value"": ""CZK""}}}}, ""raw_text"": null, ""rag"": null}, ""active_options"": {""raw_text"": false, ""polygon"": false, ""confidence"": true, ""rag"": false, ""multipage_context"": false, ""text_context"": false, ""data_schema"": {""replace"": false}}}",false
116,2026-02-03T12:43:00Z,https://i.imgur.com/21IPoqF.png,"{""id"": ""3bd2f9b9-e11b-478d-bc5f-ce084c57f104"", ""job"": {""id"": ""3bd2f9b9-e11b-478d-bc5f-ce084c57f104""}, ""model"": {""id"": ""4525d27d-e949-49a2-b2ee-a7ef6ee1ea4f""}, ""file"": {""name"": ""receipt_210.jpg"", ""alias"": null, ""page_count"": 1, ""mime_type"": ""image/jpeg""}, ""result"": {""fields"": {""supplier_name"": {""locations"": [], ""confidence"": ""Certain"", ""value"": ""Hornbach""}, ""supplier_address"": {""locations"": [], ""confidence"": ""High"", ""value"": null}, ""supplier_phone_number"": {""locations"": [], ""confidence"": ""High"", ""value"": null}, ""supplier_company_registration"": {""items"": [{""locations"": [], ""confidence"": ""Certain"", ""fields"": {""number"": {""locations"": [], ""confidence"": ""Certain"", ""value"": ""47116622""}, ""type"": {""locations"": [], ""confidence"": ""High"", ""value"": ""ICO""}}}], ""confidence"": ""Certain""}, ""receipt_number"": {""locations"": [], ""confidence"": ""High"", ""value"": ""DOC-4900""}, ""date"": {""locations"": [], ""confidence"": ""High"", ""value"": ""2026-02-03""}, ""time"": {""locations"": [], ""confidence"": ""High"", ""value"": null}, ""total_amount"": {""locations"": [], ""confidence"": ""High"", ""value"": 708.75}, ""total_net"": {""locations"": [], ""confidence"": ""High"", ""value"": 585.74}, ""total_tax"": {""locations"": [], ""confidence"": ""High"", ""value"": 123.01}, ""taxes"": {""items"": [{""locations"": [], ""confidence"": ""Certain"", ""fields"": {""rate"": {""locations"": [], ""confidence"": ""High"", ""value"": 0.21}, ""base"": {""locations"": [], ""confidence"": ""Certain"", ""value"": 585.74}, ""amount"": {""locations"": [], ""confidence"": ""High"", ""value"": 123.01}}}], ""confidence"": ""High""}, ""tips_gratuity"": {""locations"": [], ""confidence"": ""High"", ""value"": null}, ""line_items"": {""items"": [{""locations"": [], ""confidence"": ""Certain"", ""fields"": {""description"": {""locations"": [], ""confidence"": ""Certain"", ""value"": ""Instalat\u00e9rsk\u00fd materi\u00e1l / Pr\u00e1ce""}, ""quantity"": {""locations"": [], ""confidence"": ""Certain"", ""value"": 1}, ""unit_price"": {""locations"": [], ""confidence"": ""High"", ""value"": 585.74}, ""total_price"": {""locations"": [], ""confidence"": ""Certain"", ""value"": 708.75}}}], ""confidence"": ""Certain""}, ""document_type"": {""locations"": [], ""confidence"": ""Certain"", ""value"": ""expense_receipt""}, ""purchase_category"": {""locations"": [], ""confidence"": ""Certain"", ""value"": ""hardware""}, ""purchase_subcategory"": {""locations"": [], ""confidence"": ""High"", ""value"": ""tools""}, ""locale"": {""locations"": [], ""confidence"": ""High"", ""fields"": {""language"": {""locations"": [], ""confidence"": ""High"", ""value"": ""cs""}, ""country"": {""locations"": [], ""confidence"": ""High"", ""value"": ""CZ""}, ""currency"": {""locations"": [], ""confidence"": ""High"", ""value"": ""CZK""}}}}, ""raw_text"": null, ""rag"": null}, ""active_options"": {""raw_text"": false, ""polygon"": false, ""confidence"": true, ""rag"": false, ""multipage_context"": false, ""text_context"": false, ""data_schema"": {""replace"": false}}}",false
117,2026-02-04T10:48:00Z,https://i.imgur.com/21IPoqF.png,"{""id"": ""54de14d9-2355-4d7c-b23d-c6051aff40f9"", ""job"": {""id"": ""54de14d9-2355-4d7c-b23d-c6051aff40f9""}, ""model"": {""id"": ""4525d27d-e949-49a2-b2ee-a7ef6ee1ea4f""}, ""file"": {""name"": ""receipt_237.jpg"", ""alias"": null, ""page_count"": 1, ""mime_type"": ""image/jpeg""}, ""result"": {""fields"": {""supplier_name"": {""locations"": [], ""confidence"": ""High"", ""value"": ""Shell""}, ""supplier_address"": {""locations"": [], ""confidence"": ""Certain"", ""value"": null}, ""supplier_phone_number"": {""locations"": [], ""confidence"": ""Certain"", ""value"": null}, ""supplier_company_registration"": {""items"": [{""locations"": [], ""confidence"": ""Certain"", ""fields"": {""number"": {""locations"": [], ""confidence"": ""Certain"", ""value"": ""15890554""}, ""type"": {""locations"": [], ""confidence"": ""Certain"", ""value"": ""ICO""}}}], ""confidence"": ""Certain""}, ""receipt_number"": {""locations"": [], ""confidence"": ""High"", ""value"": ""DOC-8368""}, ""date"": {""locations"": [], ""confidence"": ""High"", ""value"": ""2026-02-04""}, ""time"": {""locations"": [], ""confidence"": ""Certain"", ""value"": null}, ""total_amount"": {""locations"": [], ""confidence"": ""Certain"", ""value"": 2729.03}, ""total_net"": {""locations"": [], ""confidence"": ""High"", ""value"": 2255.4}, ""total_tax"": {""locations"": [], ""confidence"": ""Certain"", ""value"": 473.63}, ""taxes"": {""items"": [{""locations"": [], ""confidence"": ""High"", ""fields"": {""rate"": {""locations"": [], ""confidence"": ""Certain"", ""value"": 0.21}, ""base"": {""locations"": [], ""confidence"": ""Certain"", ""value"": 2255.4}, ""amount"": {""locations"": [], ""confidence"": ""Certain"", ""value"": 473.63}}}], ""confidence"": ""High""}, ""tips_gratuity"": {""locations"": [], ""confidence"": ""High"", ""value"": null}, ""line_items"": {""items"": [{""locations"": [], ""confidence"": ""High"", ""fields"": {""description"": {""locations"": [], ""confidence"": ""Certain"", ""value"": ""Instalat\u00e9rsk\u00fd materi\u00e1l / Pr\u00e1ce""}, ""quantity"": {""locations"": [], ""confidence"": ""High"", ""value"": 1}, ""unit_price"": {""locations"": [], ""confidence"": ""Certain"", ""value"": 2255.4}, ""total_price"": {""locations"": [], ""confidence"": ""High"", ""value"": 2729.03}}}], ""confidence"": ""Certain""}, ""document_type"": {""locations"": [], ""confidence"": ""Certain"", ""value"": ""expense_receipt""}, ""purchase_category"": {""locations"": [], ""confidence"": ""Certain"", ""value"": ""transportation""}, ""purchase_subcategory"": {""locations"": [], ""confidence"": ""Certain"", ""value"": ""fuel""}, ""locale"": {""locations"": [], ""confidence"": ""Certain"", ""fields"": {""language"": {""locations"": [], ""confidence"": ""High"", ""value"": ""cs""}, ""country"": {""locations"": [], ""confidence"": ""Certain"", ""value"": ""CZ""}, ""currency"": {""locations"": [], ""confidence"": ""High"", ""value"": ""CZK""}}}}, ""raw_text"": null, ""rag"": null}, ""active_options"": {""raw_text"": false, ""polygon"": false, ""confidence"": true, ""rag"": false, ""multipage_context"": false, ""text_context"": false, ""data_schema"": {""replace"": false}}}",false
118,2026-02-06T12:45:00Z,https://i.imgur.com/21IPoqF.png,"{""id"": ""c53fbbbc-54cd-4520-b8f3-f22473957946"", ""job"": {""id"": ""c53fbbbc-54cd-4520-b8f3-f22473957946""}, ""model"": {""id"": ""4525d27d-e949-49a2-b2ee-a7ef6ee1ea4f""}, ""file"": {""name"": ""receipt_941.jpg"", ""alias"": null, ""page_count"": 1, ""mime_type"": ""image/jpeg""}, ""result"": {""fields"": {""supplier_name"": {""locations"": [], ""confidence"": ""Certain"", ""value"": ""Faktura: Oprava potrub\u00ed""}, ""supplier_address"": {""locations"": [], ""confidence"": ""Certain"", ""value"": null}, ""supplier_phone_number"": {""locations"": [], ""confidence"": ""High"", ""value"": null}, ""supplier_company_registration"": {""items"": [{""locations"": [], ""confidence"": ""High"", ""fields"": {""number"": {""locations"": [], ""confidence"": ""High"", ""value"": ""11223344""}, ""type"": {""locations"": [], ""confidence"": ""Certain"", ""value"": ""ICO""}}}], ""confidence"": ""High""}, ""receipt_number"": {""locations"": [], ""confidence"": ""High"", ""value"": ""DOC-3448""}, ""date"": {""locations"": [], ""confidence"": ""Certain"", ""value"": ""2026-02-06""}, ""time"": {""locations"": [], ""confidence"": ""Certain"", ""value"": null}, ""total_amount"": {""locations"": [], ""confidence"": ""Certain"", ""value"": -15129.42}, ""total_net"": {""locations"": [], ""confidence"": ""High"", ""value"": -12503.65}, ""total_tax"": {""locations"": [], ""confidence"": ""High"", ""value"": -2625.77}, ""taxes"": {""items"": [{""locations"": [], ""confidence"": ""Certain"", ""fields"": {""rate"": {""locations"": [], ""confidence"": ""High"", ""value"": 0.21}, ""base"": {""locations"": [], ""confidence"": ""Certain"", ""value"": -12503.65}, ""amount"": {""locations"": [], ""confidence"": ""Certain"", ""value"": -2625.77}}}], ""confidence"": ""High""}, ""tips_gratuity"": {""locations"": [], ""confidence"": ""Certain"", ""value"": null}, ""line_items"": {""items"": [{""locations"": [], ""confidence"": ""High"", ""fields"": {""description"": {""locations"": [], ""confidence"": ""High"", ""value"": ""Instalat\u00e9rsk\u00fd materi\u00e1l / Pr\u00e1ce""}, ""quantity"": {""locations"": [], ""confidence"": ""Certain"", ""value"": 1}, ""unit_price"": {""locations"": [], ""confidence"": ""High"", ""value"": -12503.65}, ""total_price"": {""locations"": [], ""confidence"": ""High"", ""value"": -15129.42}}}], ""confidence"": ""Certain""}, ""document_type"": {""locations"": [], ""confidence"": ""Certain"", ""value"": ""invoice""}, ""purchase_category"": {""locations"": [], ""confidence"": ""Certain"", ""value"": ""income""}, ""purchase_subcategory"": {""locations"": [], ""confidence"": ""High"", ""value"": ""services""}, ""locale"": {""locations"": [], ""confidence"": ""High"", ""fields"": {""language"": {""locations"": [], ""confidence"": ""Certain"", ""value"": ""cs""}, ""country"": {""locations"": [], ""confidence"": ""Certain"", ""value"": ""CZ""}, ""currency"": {""locations"": [], ""confidence"": ""Certain"", ""value"": ""CZK""}}}}, ""raw_text"": null, ""rag"": null}, ""active_options"": {""raw_text"": false, ""polygon"": false, ""confidence"": true, ""rag"": false, ""multipage_context"": false, ""text_context"": false, ""data_schema"": {""replace"": false}}}",false
119,2026-02-07T11:50:00Z,https://i.imgur.com/21IPoqF.png,"{""id"": ""7cf718d9-c62b-4331-9fe2-626e16db3856"", ""job"": {""id"": ""7cf718d9-c62b-4331-9fe2-626e16db3856""}, ""model"": {""id"": ""4525d27d-e949-49a2-b2ee-a7ef6ee1ea4f""}, ""file"": {""name"": ""receipt_924.jpg"", ""alias"": null, ""page_count"": 1, ""mime_type"": ""image/jpeg""}, ""result"": {""fields"": {""supplier_name"": {""locations"": [], ""confidence"": ""High"", ""value"": ""Faktura: SVJ Nov\u00e1kova""}, ""supplier_address"": {""locations"": [], ""confidence"": ""High"", ""value"": null}, ""supplier_phone_number"": {""locations"": [], ""confidence"": ""Certain"", ""value"": null}, ""supplier_company_registration"": {""items"": [{""locations"": [], ""confidence"": ""Certain"", ""fields"": {""number"": {""locations"": [], ""confidence"": ""Certain"", ""value"": ""12345678""}, ""type"": {""locations"": [], ""confidence"": ""High"", ""value"": ""ICO""}}}], ""confidence"": ""Certain""}, ""receipt_number"": {""locations"": [], ""confidence"": ""High"", ""value"": ""DOC-7672""}, ""date"": {""locations"": [], ""confidence"": ""High"", ""value"": ""2026-02-07""}, ""time"": {""locations"": [], ""confidence"": ""Certain"", ""value"": null}, ""total_amount"": {""locations"": [], ""confidence"": ""Certain"", ""value"": -13093.04}, ""total_net"": {""locations"": [], ""confidence"": ""High"", ""value"": -10820.69}, ""total_tax"": {""locations"": [], ""confidence"": ""High"", ""value"": -2272.35}, ""taxes"": {""items"": [{""locations"": [], ""confidence"": ""High"", ""fields"": {""rate"": {""locations"": [], ""confidence"": ""Certain"", ""value"": 0.21}, ""base"": {""locations"": [], ""confidence"": ""High"", ""value"": -10820.69}, ""amount"": {""locations"": [], ""confidence"": ""Certain"", ""value"": -2272.35}}}], ""confidence"": ""High""}, ""tips_gratuity"": {""locations"": [], ""confidence"": ""High"", ""value"": null}, ""line_items"": {""items"": [{""locations"": [], ""confidence"": ""Certain"", ""fields"": {""description"": {""locations"": [], ""confidence"": ""High"", ""value"": ""Instalat\u00e9rsk\u00fd materi\u00e1l / Pr\u00e1ce""}, ""quantity"": {""locations"": [], ""confidence"": ""Certain"", ""value"": 1}, ""unit_price"": {""locations"": [], ""confidence"": ""High"", ""value"": -10820.69}, ""total_price"": {""locations"": [], ""confidence"": ""High"", ""value"": -13093.04}}}], ""confidence"": ""Certain""}, ""document_type"": {""locations"": [], ""confidence"": ""High"", ""value"": ""invoice""}, ""purchase_category"": {""locations"": [], ""confidence"": ""Certain"", ""value"": ""income""}, ""purchase_subcategory"": {""locations"": [], ""confidence"": ""High"", ""value"": ""services""}, ""locale"": {""locations"": [], ""confidence"": ""Certain"", ""fields"": {""language"": {""locations"": [], ""confidence"": ""High"", ""value"": ""cs""}, ""country"": {""locations"": [], ""confidence"": ""High"", ""value"": ""CZ""}, ""currency"": {""locations"": [], ""confidence"": ""High"", ""value"": ""CZK""}}}}, ""raw_text"": null, ""rag"": null}, ""active_options"": {""raw_text"": false, ""polygon"": false, ""confidence"": true, ""rag"": false, ""multipage_context"": false, ""text_context"": false, ""data_schema"": {""replace"": false}}}",false
120,2026-02-12T13:34:00Z,https://i.imgur.com/21IPoqF.png,"{""id"": ""21fec702-4d79-4b12-af7e-227bda4e49cd"", ""job"": {""id"": ""21fec702-4d79-4b12-af7e-227bda4e49cd""}, ""model"": {""id"": ""4525d27d-e949-49a2-b2ee-a7ef6ee1ea4f""}, ""file"": {""name"": ""receipt_171.jpg"", ""alias"": null, ""page_count"": 1, ""mime_type"": ""image/jpeg""}, ""result"": {""fields"": {""supplier_name"": {""locations"": [], ""confidence"": ""Certain"", ""value"": ""OBI""}, ""supplier_address"": {""locations"": [], ""confidence"": ""Certain"", ""value"": null}, ""supplier_phone_number"": {""locations"": [], ""confidence"": ""Certain"", ""value"": null}, ""supplier_company_registration"": {""items"": [{""locations"": [], ""confidence"": ""High"", ""fields"": {""number"": {""locations"": [], ""confidence"": ""High"", ""value"": ""46612473""}, ""type"": {""locations"": [], ""confidence"": ""High"", ""value"": ""ICO""}}}], ""confidence"": ""Certain""}, ""receipt_number"": {""locations"": [], ""confidence"": ""Certain"", ""value"": ""DOC-6618""}, ""date"": {""locations"": [], ""confidence"": ""Certain"", ""value"": ""2026-02-12""}, ""time"": {""locations"": [], ""confidence"": ""High"", ""value"": null}, ""total_amount"": {""locations"": [], ""confidence"": ""Certain"", ""value"": 2013.65}, ""total_net"": {""locations"": [], ""confidence"": ""Certain"", ""value"": 1664.17}, ""total_tax"": {""locations"": [], ""confidence"": ""High"", ""value"": 349.48}, ""taxes"": {""items"": [{""locations"": [], ""confidence"": ""Certain"", ""fields"": {""rate"": {""locations"": [], ""confidence"": ""Certain"", ""value"": 0.21}, ""base"": {""locations"": [], ""confidence"": ""Certain"", ""value"": 1664.17}, ""amount"": {""locations"": [], ""confidence"": ""Certain"", ""value"": 349.48}}}], ""confidence"": ""High""}, ""tips_gratuity"": {""locations"": [], ""confidence"": ""High"", ""value"": null}, ""line_items"": {""items"": [{""locations"": [], ""confidence"": ""High"", ""fields"": {""description"": {""locations"": [], ""confidence"": ""Certain"", ""value"": ""Instalat\u00e9rsk\u00fd materi\u00e1l / Pr\u00e1ce""}, ""quantity"": {""locations"": [], ""confidence"": ""High"", ""value"": 1}, ""unit_price"": {""locations"": [], ""confidence"": ""High"", ""value"": 1664.17}, ""total_price"": {""locations"": [], ""confidence"": ""High"", ""value"": 2013.65}}}], ""confidence"": ""Certain""}, ""document_type"": {""locations"": [], ""confidence"": ""Certain"", ""value"": ""expense_receipt""}, ""purchase_category"": {""locations"": [], ""confidence"": ""Certain"", ""value"": ""hardware""}, ""purchase_subcategory"": {""locations"": [], ""confidence"": ""Certain"", ""value"": ""tools""}, ""locale"": {""locations"": [], ""confidence"": ""Certain"", ""fields"": {""language"": {""locations"": [], ""confidence"": ""Certain"", ""value"": ""cs""}, ""country"": {""locations"": [], ""confidence"": ""High"", ""value"": ""CZ""}, ""currency"": {""locations"": [], ""confidence"": ""Certain"", ""value"": ""CZK""}}}}, ""raw_text"": null, ""rag"": null}, ""active_options"": {""raw_text"": false, ""polygon"": false, ""confidence"": true, ""rag"": false, ""multipage_context"": false, ""text_context"": false, ""data_schema"": {""replace"": false}}}",false
121,2026-02-14T09:53:00Z,https://i.imgur.com/21IPoqF.png,"{""id"": ""e617f979-7c1d-46a5-993f-b6ce4cc027e8"", ""job"": {""id"": ""e617f979-7c1d-46a5-993f-b6ce4cc027e8""}, ""model"": {""id"": ""4525d27d-e949-49a2-b2ee-a7ef6ee1ea4f""}, ""file"": {""name"": ""receipt_981.jpg"", ""alias"": null, ""page_count"": 1, ""mime_type"": ""image/jpeg""}, ""result"": {""fields"": {""supplier_name"": {""locations"": [], ""confidence"": ""High"", ""value"": ""Shell""}, ""supplier_address"": {""locations"": [], ""confidence"": ""High"", ""value"": null}, ""supplier_phone_number"": {""locations"": [], ""confidence"": ""High"", ""value"": null}, ""supplier_company_registration"": {""items"": [{""locations"": [], ""confidence"": ""Certain"", ""fields"": {""number"": {""locations"": [], ""confidence"": ""High"", ""value"": ""15890554""}, ""type"": {""locations"": [], ""confidence"": ""High"", ""value"": ""ICO""}}}], ""confidence"": ""High""}, ""receipt_number"": {""locations"": [], ""confidence"": ""High"", ""value"": ""DOC-3157""}, ""date"": {""locations"": [], ""confidence"": ""Certain"", ""value"": ""2026-02-14""}, ""time"": {""locations"": [], ""confidence"": ""High"", ""value"": null}, ""total_amount"": {""locations"": [], ""confidence"": ""High"", ""value"": 785.93}, ""total_net"": {""locations"": [], ""confidence"": ""Certain"", ""value"": 649.53}, ""total_tax"": {""locations"": [], ""confidence"": ""Certain"", ""value"": 136.4}, ""taxes"": {""items"": [{""locations"": [], ""confidence"": ""High"", ""fields"": {""rate"": {""locations"": [], ""confidence"": ""High"", ""value"": 0.21}, ""base"": {""locations"": [], ""confidence"": ""High"", ""value"": 649.53}, ""amount"": {""locations"": [], ""confidence"": ""Certain"", ""value"": 136.4}}}], ""confidence"": ""Certain""}, ""tips_gratuity"": {""locations"": [], ""confidence"": ""High"", ""value"": null}, ""line_items"": {""items"": [{""locations"": [], ""confidence"": ""Certain"", ""fields"": {""description"": {""locations"": [], ""confidence"": ""Certain"", ""value"": ""Instalat\u00e9rsk\u00fd materi\u00e1l / Pr\u00e1ce""}, ""quantity"": {""locations"": [], ""confidence"": ""High"", ""value"": 1}, ""unit_price"": {""locations"": [], ""confidence"": ""Certain"", ""value"": 649.53}, ""total_price"": {""locations"": [], ""confidence"": ""Certain"", ""value"": 785.93}}}], ""confidence"": ""Certain""}, ""document_type"": {""locations"": [], ""confidence"": ""Certain"", ""value"": ""expense_receipt""}, ""purchase_category"": {""locations"": [], ""confidence"": ""Certain"", ""value"": ""transportation""}, ""purchase_subcategory"": {""locations"": [], ""confidence"": ""High"", ""value"": ""fuel""}, ""locale"": {""locations"": [], ""confidence"": ""High"", ""fields"": {""language"": {""locations"": [], ""confidence"": ""High"", ""value"": ""cs""}, ""country"": {""locations"": [], ""confidence"": ""Certain"", ""value"": ""CZ""}, ""currency"": {""locations"": [], ""confidence"": ""Certain"", ""value"": ""CZK""}}}}, ""raw_text"": null, ""rag"": null}, ""active_options"": {""raw_text"": false, ""polygon"": false, ""confidence"": true, ""rag"": false, ""multipage_context"": false, ""text_context"": false, ""data_schema"": {""replace"": false}}}",false
122,2026-02-17T10:37:00Z,https://i.imgur.com/21IPoqF.png,"{""id"": ""f0d8aa42-4e2c-4d2b-a9ef-f9d04316cde6"", ""job"": {""id"": ""f0d8aa42-4e2c-4d2b-a9ef-f9d04316cde6""}, ""model"": {""id"": ""4525d27d-e949-49a2-b2ee-a7ef6ee1ea4f""}, ""file"": {""name"": ""receipt_159.jpg"", ""alias"": null, ""page_count"": 1, ""mime_type"": ""image/jpeg""}, ""result"": {""fields"": {""supplier_name"": {""locations"": [], ""confidence"": ""High"", ""value"": ""OBI""}, ""supplier_address"": {""locations"": [], ""confidence"": ""High"", ""value"": null}, ""supplier_phone_number"": {""locations"": [], ""confidence"": ""Certain"", ""value"": null}, ""supplier_company_registration"": {""items"": [{""locations"": [], ""confidence"": ""High"", ""fields"": {""number"": {""locations"": [], ""confidence"": ""High"", ""value"": ""46612473""}, ""type"": {""locations"": [], ""confidence"": ""Certain"", ""value"": ""ICO""}}}], ""confidence"": ""High""}, ""receipt_number"": {""locations"": [], ""confidence"": ""Certain"", ""value"": ""DOC-5884""}, ""date"": {""locations"": [], ""confidence"": ""Certain"", ""value"": ""2026-02-17""}, ""time"": {""locations"": [], ""confidence"": ""Certain"", ""value"": null}, ""total_amount"": {""locations"": [], ""confidence"": ""Certain"", ""value"": 2954.0}, ""total_net"": {""locations"": [], ""confidence"": ""High"", ""value"": 2441.32}, ""total_tax"": {""locations"": [], ""confidence"": ""High"", ""value"": 512.68}, ""taxes"": {""items"": [{""locations"": [], ""confidence"": ""Certain"", ""fields"": {""rate"": {""locations"": [], ""confidence"": ""High"", ""value"": 0.21}, ""base"": {""locations"": [], ""confidence"": ""Certain"", ""value"": 2441.32}, ""amount"": {""locations"": [], ""confidence"": ""Certain"", ""value"": 512.68}}}], ""confidence"": ""Certain""}, ""tips_gratuity"": {""locations"": [], ""confidence"": ""Certain"", ""value"": null}, ""line_items"": {""items"": [{""locations"": [], ""confidence"": ""High"", ""fields"": {""description"": {""locations"": [], ""confidence"": ""Certain"", ""value"": ""Instalat\u00e9rsk\u00fd materi\u00e1l / Pr\u00e1ce""}, ""quantity"": {""locations"": [], ""confidence"": ""Certain"", ""value"": 1}, ""unit_price"": {""locations"": [], ""confidence"": ""Certain"", ""value"": 2441.32}, ""total_price"": {""locations"": [], ""confidence"": ""High"", ""value"": 2954.0}}}], ""confidence"": ""Certain""}, ""document_type"": {""locations"": [], ""confidence"": ""Certain"", ""value"": ""expense_receipt""}, ""purchase_category"": {""locations"": [], ""confidence"": ""High"", ""value"": ""hardware""}, ""purchase_subcategory"": {""locations"": [], ""confidence"": ""High"", ""value"": ""tools""}, ""locale"": {""locations"": [], ""confidence"": ""High"", ""fields"": {""language"": {""locations"": [], ""confidence"": ""Certain"", ""value"": ""cs""}, ""country"": {""locations"": [], ""confidence"": ""High"", ""value"": ""CZ""}, ""currency"": {""locations"": [], ""confidence"": ""Certain"", ""value"": ""CZK""}}}}, ""raw_text"": null, ""rag"": null}, ""active_options"": {""raw_text"": false, ""polygon"": false, ""confidence"": true, ""rag"": false, ""multipage_context"": false, ""text_context"": false, ""data_schema"": {""replace"": false}}}",false
123,2026-02-23T11:42:00Z,https://i.imgur.com/21IPoqF.png,"{""id"": ""4c21247d-0471-4697-8f0e-49b86f4d26be"", ""job"": {""id"": ""4c21247d-0471-4697-8f0e-49b86f4d26be""}, ""model"": {""id"": ""4525d27d-e949-49a2-b2ee-a7ef6ee1ea4f""}, ""file"": {""name"": ""receipt_107.jpg"", ""alias"": null, ""page_count"": 1, ""mime_type"": ""image/jpeg""}, ""result"": {""fields"": {""supplier_name"": {""locations"": [], ""confidence"": ""Certain"", ""value"": ""OBI""}, ""supplier_address"": {""locations"": [], ""confidence"": ""High"", ""value"": null}, ""supplier_phone_number"": {""locations"": [], ""confidence"": ""Certain"", ""value"": null}, ""supplier_company_registration"": {""items"": [{""locations"": [], ""confidence"": ""Certain"", ""fields"": {""number"": {""locations"": [], ""confidence"": ""High"", ""value"": ""46612473""}, ""type"": {""locations"": [], ""confidence"": ""High"", ""value"": ""ICO""}}}], ""confidence"": ""Certain""}, ""receipt_number"": {""locations"": [], ""confidence"": ""High"", ""value"": ""DOC-7534""}, ""date"": {""locations"": [], ""confidence"": ""Certain"", ""value"": ""2026-02-23""}, ""time"": {""locations"": [], ""confidence"": ""High"", ""value"": null}, ""total_amount"": {""locations"": [], ""confidence"": ""Certain"", ""value"": 1898.37}, ""total_net"": {""locations"": [], ""confidence"": ""Certain"", ""value"": 1568.9}, ""total_tax"": {""locations"": [], ""confidence"": ""Certain"", ""value"": 329.47}, ""taxes"": {""items"": [{""locations"": [], ""confidence"": ""High"", ""fields"": {""rate"": {""locations"": [], ""confidence"": ""High"", ""value"": 0.21}, ""base"": {""locations"": [], ""confidence"": ""High"", ""value"": 1568.9}, ""amount"": {""locations"": [], ""confidence"": ""High"", ""value"": 329.47}}}], ""confidence"": ""High""}, ""tips_gratuity"": {""locations"": [], ""confidence"": ""Certain"", ""value"": null}, ""line_items"": {""items"": [{""locations"": [], ""confidence"": ""High"", ""fields"": {""description"": {""locations"": [], ""confidence"": ""High"", ""value"": ""Instalat\u00e9rsk\u00fd materi\u00e1l / Pr\u00e1ce""}, ""quantity"": {""locations"": [], ""confidence"": ""Certain"", ""value"": 1}, ""unit_price"": {""locations"": [], ""confidence"": ""Certain"", ""value"": 1568.9}, ""total_price"": {""locations"": [], ""confidence"": ""High"", ""value"": 1898.37}}}], ""confidence"": ""High""}, ""document_type"": {""locations"": [], ""confidence"": ""Certain"", ""value"": ""expense_receipt""}, ""purchase_category"": {""locations"": [], ""confidence"": ""High"", ""value"": ""hardware""}, ""purchase_subcategory"": {""locations"": [], ""confidence"": ""Certain"", ""value"": ""tools""}, ""locale"": {""locations"": [], ""confidence"": ""High"", ""fields"": {""language"": {""locations"": [], ""confidence"": ""Certain"", ""value"": ""cs""}, ""country"": {""locations"": [], ""confidence"": ""Certain"", ""value"": ""CZ""}, ""currency"": {""locations"": [], ""confidence"": ""High"", ""value"": ""CZK""}}}}, ""raw_text"": null, ""rag"": null}, ""active_options"": {""raw_text"": false, ""polygon"": false, ""confidence"": true, ""rag"": false, ""multipage_context"": false, ""text_context"": false, ""data_schema"": {""replace"": false}}}",false
124,2026-02-26T11:40:00Z,https://i.imgur.com/21IPoqF.png,"{""id"": ""df6451b7-70f5-4213-9148-ded20b2c8b5d"", ""job"": {""id"": ""df6451b7-70f5-4213-9148-ded20b2c8b5d""}, ""model"": {""id"": ""4525d27d-e949-49a2-b2ee-a7ef6ee1ea4f""}, ""file"": {""name"": ""receipt_657.jpg"", ""alias"": null, ""page_count"": 1, ""mime_type"": ""image/jpeg""}, ""result"": {""fields"": {""supplier_name"": {""locations"": [], ""confidence"": ""Certain"", ""value"": ""Pt\u00e1\u010dek - velkoobchod""}, ""supplier_address"": {""locations"": [], ""confidence"": ""High"", ""value"": null}, ""supplier_phone_number"": {""locations"": [], ""confidence"": ""High"", ""value"": null}, ""supplier_company_registration"": {""items"": [{""locations"": [], ""confidence"": ""Certain"", ""fields"": {""number"": {""locations"": [], ""confidence"": ""Certain"", ""value"": ""25501143""}, ""type"": {""locations"": [], ""confidence"": ""High"", ""value"": ""ICO""}}}], ""confidence"": ""High""}, ""receipt_number"": {""locations"": [], ""confidence"": ""Certain"", ""value"": ""DOC-7074""}, ""date"": {""locations"": [], ""confidence"": ""Certain"", ""value"": ""2026-02-26""}, ""time"": {""locations"": [], ""confidence"": ""High"", ""value"": null}, ""total_amount"": {""locations"": [], ""confidence"": ""High"", ""value"": 3496.07}, ""total_net"": {""locations"": [], ""confidence"": ""High"", ""value"": 2889.31}, ""total_tax"": {""locations"": [], ""confidence"": ""High"", ""value"": 606.76}, ""taxes"": {""items"": [{""locations"": [], ""confidence"": ""High"", ""fields"": {""rate"": {""locations"": [], ""confidence"": ""Certain"", ""value"": 0.21}, ""base"": {""locations"": [], ""confidence"": ""High"", ""value"": 2889.31}, ""amount"": {""locations"": [], ""confidence"": ""High"", ""value"": 606.76}}}], ""confidence"": ""High""}, ""tips_gratuity"": {""locations"": [], ""confidence"": ""High"", ""value"": null}, ""line_items"": {""items"": [{""locations"": [], ""confidence"": ""High"", ""fields"": {""description"": {""locations"": [], ""confidence"": ""High"", ""value"": ""Instalat\u00e9rsk\u00fd materi\u00e1l / Pr\u00e1ce""}, ""quantity"": {""locations"": [], ""confidence"": ""High"", ""value"": 1}, ""unit_price"": {""locations"": [], ""confidence"": ""High"", ""value"": 2889.31}, ""total_price"": {""locations"": [], ""confidence"": ""High"", ""value"": 3496.07}}}], ""confidence"": ""High""}, ""document_type"": {""locations"": [], ""confidence"": ""Certain"", ""value"": ""expense_receipt""}, ""purchase_category"": {""locations"": [], ""confidence"": ""High"", ""value"": ""shopping""}, ""purchase_subcategory"": {""locations"": [], ""confidence"": ""High"", ""value"": ""plumbing""}, ""locale"": {""locations"": [], ""confidence"": ""Certain"", ""fields"": {""language"": {""locations"": [], ""confidence"": ""High"", ""value"": ""cs""}, ""country"": {""locations"": [], ""confidence"": ""Certain"", ""value"": ""CZ""}, ""currency"": {""locations"": [], ""confidence"": ""Certain"", ""value"": ""CZK""}}}}, ""raw_text"": null, ""rag"": null}, ""active_options"": {""raw_text"": false, ""polygon"": false, ""confidence"": true, ""rag"": false, ""multipage_context"": false, ""text_context"": false, ""data_schema"": {""replace"": false}}}",false
125,2026-02-27T15:38:00Z,https://i.imgur.com/21IPoqF.png,"{""id"": ""19103688-bc08-4ec9-b23e-497bd79871d7"", ""job"": {""id"": ""19103688-bc08-4ec9-b23e-497bd79871d7""}, ""model"": {""id"": ""4525d27d-e949-49a2-b2ee-a7ef6ee1ea4f""}, ""file"": {""name"": ""receipt_600.jpg"", ""alias"": null, ""page_count"": 1, ""mime_type"": ""image/jpeg""}, ""result"": {""fields"": {""supplier_name"": {""locations"": [], ""confidence"": ""Certain"", ""value"": ""OBI""}, ""supplier_address"": {""locations"": [], ""confidence"": ""High"", ""value"": null}, ""supplier_phone_number"": {""locations"": [], ""confidence"": ""High"", ""value"": null}, ""supplier_company_registration"": {""items"": [{""locations"": [], ""confidence"": ""Certain"", ""fields"": {""number"": {""locations"": [], ""confidence"": ""Certain"", ""value"": ""46612473""}, ""type"": {""locations"": [], ""confidence"": ""Certain"", ""value"": ""ICO""}}}], ""confidence"": ""High""}, ""receipt_number"": {""locations"": [], ""confidence"": ""Certain"", ""value"": ""DOC-9612""}, ""date"": {""locations"": [], ""confidence"": ""High"", ""value"": ""2026-02-27""}, ""time"": {""locations"": [], ""confidence"": ""High"", ""value"": null}, ""total_amount"": {""locations"": [], ""confidence"": ""High"", ""value"": 3144.92}, ""total_net"": {""locations"": [], ""confidence"": ""Certain"", ""value"": 2599.11}, ""total_tax"": {""locations"": [], ""confidence"": ""High"", ""value"": 545.81}, ""taxes"": {""items"": [{""locations"": [], ""confidence"": ""High"", ""fields"": {""rate"": {""locations"": [], ""confidence"": ""High"", ""value"": 0.21}, ""base"": {""locations"": [], ""confidence"": ""Certain"", ""value"": 2599.11}, ""amount"": {""locations"": [], ""confidence"": ""Certain"", ""value"": 545.81}}}], ""confidence"": ""High""}, ""tips_gratuity"": {""locations"": [], ""confidence"": ""Certain"", ""value"": null}, ""line_items"": {""items"": [{""locations"": [], ""confidence"": ""Certain"", ""fields"": {""description"": {""locations"": [], ""confidence"": ""Certain"", ""value"": ""Instalat\u00e9rsk\u00fd materi\u00e1l / Pr\u00e1ce""}, ""quantity"": {""locations"": [], ""confidence"": ""High"", ""value"": 1}, ""unit_price"": {""locations"": [], ""confidence"": ""High"", ""value"": 2599.11}, ""total_price"": {""locations"": [], ""confidence"": ""Certain"", ""value"": 3144.92}}}], ""confidence"": ""High""}, ""document_type"": {""locations"": [], ""confidence"": ""Certain"", ""value"": ""expense_receipt""}, ""purchase_category"": {""locations"": [], ""confidence"": ""High"", ""value"": ""hardware""}, ""purchase_subcategory"": {""locations"": [], ""confidence"": ""Certain"", ""value"": ""tools""}, ""locale"": {""locations"": [], ""confidence"": ""High"", ""fields"": {""language"": {""locations"": [], ""confidence"": ""High"", ""value"": ""cs""}, ""country"": {""locations"": [], ""confidence"": ""Certain"", ""value"": ""CZ""}, ""currency"": {""locations"": [], ""confidence"": ""Certain"", ""value"": ""CZK""}}}}, ""raw_text"": null, ""rag"": null}, ""active_options"": {""raw_text"": false, ""polygon"": false, ""confidence"": true, ""rag"": false, ""multipage_context"": false, ""text_context"": false, ""data_schema"": {""replace"": false}}}",false
126,2026-03-01T13:23:00Z,https://i.imgur.com/21IPoqF.png,"{""id"": ""e7ac53b7-00f7-4267-8bee-af844b6ab496"", ""job"": {""id"": ""e7ac53b7-00f7-4267-8bee-af844b6ab496""}, ""model"": {""id"": ""4525d27d-e949-49a2-b2ee-a7ef6ee1ea4f""}, ""file"": {""name"": ""receipt_248.jpg"", ""alias"": null, ""page_count"": 1, ""mime_type"": ""image/jpeg""}, ""result"": {""fields"": {""supplier_name"": {""locations"": [], ""confidence"": ""Certain"", ""value"": ""Hornbach""}, ""supplier_address"": {""locations"": [], ""confidence"": ""High"", ""value"": null}, ""supplier_phone_number"": {""locations"": [], ""confidence"": ""Certain"", ""value"": null}, ""supplier_company_registration"": {""items"": [{""locations"": [], ""confidence"": ""Certain"", ""fields"": {""number"": {""locations"": [], ""confidence"": ""Certain"", ""value"": ""47116622""}, ""type"": {""locations"": [], ""confidence"": ""Certain"", ""value"": ""ICO""}}}], ""confidence"": ""High""}, ""receipt_number"": {""locations"": [], ""confidence"": ""Certain"", ""value"": ""DOC-4164""}, ""date"": {""locations"": [], ""confidence"": ""High"", ""value"": ""2026-03-01""}, ""time"": {""locations"": [], ""confidence"": ""Certain"", ""value"": null}, ""total_amount"": {""locations"": [], ""confidence"": ""High"", ""value"": 1007.41}, ""total_net"": {""locations"": [], ""confidence"": ""Certain"", ""value"": 832.57}, ""total_tax"": {""locations"": [], ""confidence"": ""High"", ""value"": 174.84}, ""taxes"": {""items"": [{""locations"": [], ""confidence"": ""Certain"", ""fields"": {""rate"": {""locations"": [], ""confidence"": ""Certain"", ""value"": 0.21}, ""base"": {""locations"": [], ""confidence"": ""Certain"", ""value"": 832.57}, ""amount"": {""locations"": [], ""confidence"": ""Certain"", ""value"": 174.84}}}], ""confidence"": ""High""}, ""tips_gratuity"": {""locations"": [], ""confidence"": ""Certain"", ""value"": null}, ""line_items"": {""items"": [{""locations"": [], ""confidence"": ""High"", ""fields"": {""description"": {""locations"": [], ""confidence"": ""High"", ""value"": ""Instalat\u00e9rsk\u00fd materi\u00e1l / Pr\u00e1ce""}, ""quantity"": {""locations"": [], ""confidence"": ""Certain"", ""value"": 1}, ""unit_price"": {""locations"": [], ""confidence"": ""Certain"", ""value"": 832.57}, ""total_price"": {""locations"": [], ""confidence"": ""High"", ""value"": 1007.41}}}], ""confidence"": ""High""}, ""document_type"": {""locations"": [], ""confidence"": ""Certain"", ""value"": ""expense_receipt""}, ""purchase_category"": {""locations"": [], ""confidence"": ""High"", ""value"": ""hardware""}, ""purchase_subcategory"": {""locations"": [], ""confidence"": ""High"", ""value"": ""tools""}, ""locale"": {""locations"": [], ""confidence"": ""Certain"", ""fields"": {""language"": {""locations"": [], ""confidence"": ""Certain"", ""value"": ""cs""}, ""country"": {""locations"": [], ""confidence"": ""High"", ""value"": ""CZ""}, ""currency"": {""locations"": [], ""confidence"": ""Certain"", ""value"": ""CZK""}}}}, ""raw_text"": null, ""rag"": null}, ""active_options"": {""raw_text"": false, ""polygon"": false, ""confidence"": true, ""rag"": false, ""multipage_context"": false, ""text_context"": false, ""data_schema"": {""replace"": false}}}",false
127,2026-03-03T15:37:00Z,https://i.imgur.com/21IPoqF.png,"{""id"": ""44efda0a-be9b-4e6f-a726-2f27dc8813ec"", ""job"": {""id"": ""44efda0a-be9b-4e6f-a726-2f27dc8813ec""}, ""model"": {""id"": ""4525d27d-e949-49a2-b2ee-a7ef6ee1ea4f""}, ""file"": {""name"": ""receipt_888.jpg"", ""alias"": null, ""page_count"": 1, ""mime_type"": ""image/jpeg""}, ""result"": {""fields"": {""supplier_name"": {""locations"": [], ""confidence"": ""High"", ""value"": ""Hornbach""}, ""supplier_address"": {""locations"": [], ""confidence"": ""Certain"", ""value"": null}, ""supplier_phone_number"": {""locations"": [], ""confidence"": ""Certain"", ""value"": null}, ""supplier_company_registration"": {""items"": [{""locations"": [], ""confidence"": ""Certain"", ""fields"": {""number"": {""locations"": [], ""confidence"": ""High"", ""value"": ""47116622""}, ""type"": {""locations"": [], ""confidence"": ""High"", ""value"": ""ICO""}}}], ""confidence"": ""Certain""}, ""receipt_number"": {""locations"": [], ""confidence"": ""High"", ""value"": ""DOC-4135""}, ""date"": {""locations"": [], ""confidence"": ""High"", ""value"": ""2026-03-03""}, ""time"": {""locations"": [], ""confidence"": ""Certain"", ""value"": null}, ""total_amount"": {""locations"": [], ""confidence"": ""High"", ""value"": 1905.41}, ""total_net"": {""locations"": [], ""confidence"": ""Certain"", ""value"": 1574.72}, ""total_tax"": {""locations"": [], ""confidence"": ""Certain"", ""value"": 330.69}, ""taxes"": {""items"": [{""locations"": [], ""confidence"": ""Certain"", ""fields"": {""rate"": {""locations"": [], ""confidence"": ""Certain"", ""value"": 0.21}, ""base"": {""locations"": [], ""confidence"": ""Certain"", ""value"": 1574.72}, ""amount"": {""locations"": [], ""confidence"": ""Certain"", ""value"": 330.69}}}], ""confidence"": ""High""}, ""tips_gratuity"": {""locations"": [], ""confidence"": ""High"", ""value"": null}, ""line_items"": {""items"": [{""locations"": [], ""confidence"": ""Certain"", ""fields"": {""description"": {""locations"": [], ""confidence"": ""High"", ""value"": ""Instalat\u00e9rsk\u00fd materi\u00e1l / Pr\u00e1ce""}, ""quantity"": {""locations"": [], ""confidence"": ""High"", ""value"": 1}, ""unit_price"": {""locations"": [], ""confidence"": ""High"", ""value"": 1574.72}, ""total_price"": {""locations"": [], ""confidence"": ""Certain"", ""value"": 1905.41}}}], ""confidence"": ""High""}, ""document_type"": {""locations"": [], ""confidence"": ""Certain"", ""value"": ""expense_receipt""}, ""purchase_category"": {""locations"": [], ""confidence"": ""Certain"", ""value"": ""hardware""}, ""purchase_subcategory"": {""locations"": [], ""confidence"": ""Certain"", ""value"": ""tools""}, ""locale"": {""locations"": [], ""confidence"": ""Certain"", ""fields"": {""language"": {""locations"": [], ""confidence"": ""High"", ""value"": ""cs""}, ""country"": {""locations"": [], ""confidence"": ""Certain"", ""value"": ""CZ""}, ""currency"": {""locations"": [], ""confidence"": ""Certain"", ""value"": ""CZK""}}}}, ""raw_text"": null, ""rag"": null}, ""active_options"": {""raw_text"": false, ""polygon"": false, ""confidence"": true, ""rag"": false, ""multipage_context"": false, ""text_context"": false, ""data_schema"": {""replace"": false}}}",false
128,2026-03-04T10:14:00Z,https://i.imgur.com/21IPoqF.png,"{""id"": ""8cfbda2b-cb62-460a-87b3-f4d0871b1148"", ""job"": {""id"": ""8cfbda2b-cb62-460a-87b3-f4d0871b1148""}, ""model"": {""id"": ""4525d27d-e949-49a2-b2ee-a7ef6ee1ea4f""}, ""file"": {""name"": ""receipt_469.jpg"", ""alias"": null, ""page_count"": 1, ""mime_type"": ""image/jpeg""}, ""result"": {""fields"": {""supplier_name"": {""locations"": [], ""confidence"": ""High"", ""value"": ""Benzina""}, ""supplier_address"": {""locations"": [], ""confidence"": ""High"", ""value"": null}, ""supplier_phone_number"": {""locations"": [], ""confidence"": ""Certain"", ""value"": null}, ""supplier_company_registration"": {""items"": [{""locations"": [], ""confidence"": ""High"", ""fields"": {""number"": {""locations"": [], ""confidence"": ""High"", ""value"": ""60193328""}, ""type"": {""locations"": [], ""confidence"": ""High"", ""value"": ""ICO""}}}], ""confidence"": ""Certain""}, ""receipt_number"": {""locations"": [], ""confidence"": ""High"", ""value"": ""DOC-2619""}, ""date"": {""locations"": [], ""confidence"": ""Certain"", ""value"": ""2026-03-04""}, ""time"": {""locations"": [], ""confidence"": ""Certain"", ""value"": null}, ""total_amount"": {""locations"": [], ""confidence"": ""High"", ""value"": 2962.29}, ""total_net"": {""locations"": [], ""confidence"": ""Certain"", ""value"": 2448.17}, ""total_tax"": {""locations"": [], ""confidence"": ""Certain"", ""value"": 514.12}, ""taxes"": {""items"": [{""locations"": [], ""confidence"": ""Certain"", ""fields"": {""rate"": {""locations"": [], ""confidence"": ""Certain"", ""value"": 0.21}, ""base"": {""locations"": [], ""confidence"": ""Certain"", ""value"": 2448.17}, ""amount"": {""locations"": [], ""confidence"": ""Certain"", ""value"": 514.12}}}], ""confidence"": ""High""}, ""tips_gratuity"": {""locations"": [], ""confidence"": ""High"", ""value"": null}, ""line_items"": {""items"": [{""locations"": [], ""confidence"": ""High"", ""fields"": {""description"": {""locations"": [], ""confidence"": ""High"", ""value"": ""Instalat\u00e9rsk\u00fd materi\u00e1l / Pr\u00e1ce""}, ""quantity"": {""locations"": [], ""confidence"": ""Certain"", ""value"": 1}, ""unit_price"": {""locations"": [], ""confidence"": ""High"", ""value"": 2448.17}, ""total_price"": {""locations"": [], ""confidence"": ""High"", ""value"": 2962.29}}}], ""confidence"": ""High""}, ""document_type"": {""locations"": [], ""confidence"": ""High"", ""value"": ""expense_receipt""}, ""purchase_category"": {""locations"": [], ""confidence"": ""Certain"", ""value"": ""transportation""}, ""purchase_subcategory"": {""locations"": [], ""confidence"": ""High"", ""value"": ""fuel""}, ""locale"": {""locations"": [], ""confidence"": ""Certain"", ""fields"": {""language"": {""locations"": [], ""confidence"": ""Certain"", ""value"": ""cs""}, ""country"": {""locations"": [], ""confidence"": ""Certain"", ""value"": ""CZ""}, ""currency"": {""locations"": [], ""confidence"": ""High"", ""value"": ""CZK""}}}}, ""raw_text"": null, ""rag"": null}, ""active_options"": {""raw_text"": false, ""polygon"": false, ""confidence"": true, ""rag"": false, ""multipage_context"": false, ""text_context"": false, ""data_schema"": {""replace"": false}}}",false
